order_details,,,,,,,
OrderDetailID,OrderID,ProductID,Quantity,UnitPrice,,,
1,141,418,9,180.1,,"INSERT INTO order_details(OrderDetailID, OrderID, ProductID, Quantity, UnitPrice)","('1', '141', '418', '9', '180.1'),"
2,261,250,7,444.56,,"INSERT INTO order_details(OrderDetailID, OrderID, ProductID, Quantity, UnitPrice) VALUES ('2', '261', '250', '7', 444.56');","('2', '261', '250', '7', '444.56'),"
3,381,43,3,29.97,,"INSERT INTO order_details(OrderDetailID, OrderID, ProductID, Quantity, UnitPrice) VALUES ('3', '381', '43', '3', 29.97');","('3', '381', '43', '3', '29.97'),"
4,149,423,5,426.91,,"INSERT INTO order_details(OrderDetailID, OrderID, ProductID, Quantity, UnitPrice) VALUES ('4', '149', '423', '5', 426.91');","('4', '149', '423', '5', '426.91'),"
5,324,377,7,965,,"INSERT INTO order_details(OrderDetailID, OrderID, ProductID, Quantity, UnitPrice) VALUES ('5', '324', '377', '7', 965');","('5', '324', '377', '7', '965'),"
6,4,89,8,659.14,,"INSERT INTO order_details(OrderDetailID, OrderID, ProductID, Quantity, UnitPrice) VALUES ('6', '4', '89', '8', 659.14');","('6', '4', '89', '8', '659.14'),"
7,116,36,8,868.53,,"INSERT INTO order_details(OrderDetailID, OrderID, ProductID, Quantity, UnitPrice) VALUES ('7', '116', '36', '8', 868.53');","('7', '116', '36', '8', '868.53'),"
8,299,212,3,465.99,,"INSERT INTO order_details(OrderDetailID, OrderID, ProductID, Quantity, UnitPrice) VALUES ('8', '299', '212', '3', 465.99');","('8', '299', '212', '3', '465.99'),"
9,343,380,4,806.88,,"INSERT INTO order_details(OrderDetailID, OrderID, ProductID, Quantity, UnitPrice) VALUES ('9', '343', '380', '4', 806.88');","('9', '343', '380', '4', '806.88'),"
10,444,270,9,576.96,,"INSERT INTO order_details(OrderDetailID, OrderID, ProductID, Quantity, UnitPrice) VALUES ('10', '444', '270', '9', 576.96');","('10', '444', '270', '9', '576.96'),"
11,25,320,8,604.36,,"INSERT INTO order_details(OrderDetailID, OrderID, ProductID, Quantity, UnitPrice) VALUES ('11', '25', '320', '8', 604.36');","('11', '25', '320', '8', '604.36'),"
12,105,340,3,508.35,,"INSERT INTO order_details(OrderDetailID, OrderID, ProductID, Quantity, UnitPrice) VALUES ('12', '105', '340', '3', 508.35');","('12', '105', '340', '3', '508.35'),"
13,183,482,6,609.99,,"INSERT INTO order_details(OrderDetailID, OrderID, ProductID, Quantity, UnitPrice) VALUES ('13', '183', '482', '6', 609.99');","('13', '183', '482', '6', '609.99'),"
14,466,332,9,700.69,,"INSERT INTO order_details(OrderDetailID, OrderID, ProductID, Quantity, UnitPrice) VALUES ('14', '466', '332', '9', 700.69');","('14', '466', '332', '9', '700.69'),"
15,126,382,9,831.64,,"INSERT INTO order_details(OrderDetailID, OrderID, ProductID, Quantity, UnitPrice) VALUES ('15', '126', '382', '9', 831.64');","('15', '126', '382', '9', '831.64'),"
16,460,169,1,554.45,,"INSERT INTO order_details(OrderDetailID, OrderID, ProductID, Quantity, UnitPrice) VALUES ('16', '460', '169', '1', 554.45');","('16', '460', '169', '1', '554.45'),"
17,481,141,7,344.52,,"INSERT INTO order_details(OrderDetailID, OrderID, ProductID, Quantity, UnitPrice) VALUES ('17', '481', '141', '7', 344.52');","('17', '481', '141', '7', '344.52'),"
18,136,278,3,280.94,,"INSERT INTO order_details(OrderDetailID, OrderID, ProductID, Quantity, UnitPrice) VALUES ('18', '136', '278', '3', 280.94');","('18', '136', '278', '3', '280.94'),"
19,233,341,3,253.93,,"INSERT INTO order_details(OrderDetailID, OrderID, ProductID, Quantity, UnitPrice) VALUES ('19', '233', '341', '3', 253.93');","('19', '233', '341', '3', '253.93'),"
20,138,229,2,764.01,,"INSERT INTO order_details(OrderDetailID, OrderID, ProductID, Quantity, UnitPrice) VALUES ('20', '138', '229', '2', 764.01');","('20', '138', '229', '2', '764.01'),"
21,341,281,1,498.71,,"INSERT INTO order_details(OrderDetailID, OrderID, ProductID, Quantity, UnitPrice) VALUES ('21', '341', '281', '1', 498.71');","('21', '341', '281', '1', '498.71'),"
22,5,271,10,218.2,,"INSERT INTO order_details(OrderDetailID, OrderID, ProductID, Quantity, UnitPrice) VALUES ('22', '5', '271', '10', 218.2');","('22', '5', '271', '10', '218.2'),"
23,18,498,7,649.07,,"INSERT INTO order_details(OrderDetailID, OrderID, ProductID, Quantity, UnitPrice) VALUES ('23', '18', '498', '7', 649.07');","('23', '18', '498', '7', '649.07'),"
24,188,383,9,145.65,,"INSERT INTO order_details(OrderDetailID, OrderID, ProductID, Quantity, UnitPrice) VALUES ('24', '188', '383', '9', 145.65');","('24', '188', '383', '9', '145.65'),"
25,204,293,4,490.15,,"INSERT INTO order_details(OrderDetailID, OrderID, ProductID, Quantity, UnitPrice) VALUES ('25', '204', '293', '4', 490.15');","('25', '204', '293', '4', '490.15'),"
26,245,425,2,931.09,,"INSERT INTO order_details(OrderDetailID, OrderID, ProductID, Quantity, UnitPrice) VALUES ('26', '245', '425', '2', 931.09');","('26', '245', '425', '2', '931.09'),"
27,386,77,9,327.3,,"INSERT INTO order_details(OrderDetailID, OrderID, ProductID, Quantity, UnitPrice) VALUES ('27', '386', '77', '9', 327.3');","('27', '386', '77', '9', '327.3'),"
28,111,42,3,909.19,,"INSERT INTO order_details(OrderDetailID, OrderID, ProductID, Quantity, UnitPrice) VALUES ('28', '111', '42', '3', 909.19');","('28', '111', '42', '3', '909.19'),"
29,80,232,9,850.28,,"INSERT INTO order_details(OrderDetailID, OrderID, ProductID, Quantity, UnitPrice) VALUES ('29', '80', '232', '9', 850.28');","('29', '80', '232', '9', '850.28'),"
30,345,385,4,751.8,,"INSERT INTO order_details(OrderDetailID, OrderID, ProductID, Quantity, UnitPrice) VALUES ('30', '345', '385', '4', 751.8');","('30', '345', '385', '4', '751.8'),"
31,116,374,10,200.89,,"INSERT INTO order_details(OrderDetailID, OrderID, ProductID, Quantity, UnitPrice) VALUES ('31', '116', '374', '10', 200.89');","('31', '116', '374', '10', '200.89'),"
32,223,395,2,62.8,,"INSERT INTO order_details(OrderDetailID, OrderID, ProductID, Quantity, UnitPrice) VALUES ('32', '223', '395', '2', 62.8');","('32', '223', '395', '2', '62.8'),"
33,325,61,1,231.83,,"INSERT INTO order_details(OrderDetailID, OrderID, ProductID, Quantity, UnitPrice) VALUES ('33', '325', '61', '1', 231.83');","('33', '325', '61', '1', '231.83'),"
34,29,30,5,927.9,,"INSERT INTO order_details(OrderDetailID, OrderID, ProductID, Quantity, UnitPrice) VALUES ('34', '29', '30', '5', 927.9');","('34', '29', '30', '5', '927.9'),"
35,159,110,3,497.9,,"INSERT INTO order_details(OrderDetailID, OrderID, ProductID, Quantity, UnitPrice) VALUES ('35', '159', '110', '3', 497.9');","('35', '159', '110', '3', '497.9'),"
36,499,164,1,342.44,,"INSERT INTO order_details(OrderDetailID, OrderID, ProductID, Quantity, UnitPrice) VALUES ('36', '499', '164', '1', 342.44');","('36', '499', '164', '1', '342.44'),"
37,480,322,2,588.19,,"INSERT INTO order_details(OrderDetailID, OrderID, ProductID, Quantity, UnitPrice) VALUES ('37', '480', '322', '2', 588.19');","('37', '480', '322', '2', '588.19'),"
38,151,403,4,716.45,,"INSERT INTO order_details(OrderDetailID, OrderID, ProductID, Quantity, UnitPrice) VALUES ('38', '151', '403', '4', 716.45');","('38', '151', '403', '4', '716.45'),"
39,473,293,9,915.34,,"INSERT INTO order_details(OrderDetailID, OrderID, ProductID, Quantity, UnitPrice) VALUES ('39', '473', '293', '9', 915.34');","('39', '473', '293', '9', '915.34'),"
40,206,218,9,262.97,,"INSERT INTO order_details(OrderDetailID, OrderID, ProductID, Quantity, UnitPrice) VALUES ('40', '206', '218', '9', 262.97');","('40', '206', '218', '9', '262.97'),"
41,73,181,4,329.16,,"INSERT INTO order_details(OrderDetailID, OrderID, ProductID, Quantity, UnitPrice) VALUES ('41', '73', '181', '4', 329.16');","('41', '73', '181', '4', '329.16'),"
42,489,220,6,42.08,,"INSERT INTO order_details(OrderDetailID, OrderID, ProductID, Quantity, UnitPrice) VALUES ('42', '489', '220', '6', 42.08');","('42', '489', '220', '6', '42.08'),"
43,165,219,10,915.17,,"INSERT INTO order_details(OrderDetailID, OrderID, ProductID, Quantity, UnitPrice) VALUES ('43', '165', '219', '10', 915.17');","('43', '165', '219', '10', '915.17'),"
44,415,82,1,471.51,,"INSERT INTO order_details(OrderDetailID, OrderID, ProductID, Quantity, UnitPrice) VALUES ('44', '415', '82', '1', 471.51');","('44', '415', '82', '1', '471.51'),"
45,315,246,10,557.98,,"INSERT INTO order_details(OrderDetailID, OrderID, ProductID, Quantity, UnitPrice) VALUES ('45', '315', '246', '10', 557.98');","('45', '315', '246', '10', '557.98'),"
46,79,227,5,107.58,,"INSERT INTO order_details(OrderDetailID, OrderID, ProductID, Quantity, UnitPrice) VALUES ('46', '79', '227', '5', 107.58');","('46', '79', '227', '5', '107.58'),"
47,228,283,9,593.35,,"INSERT INTO order_details(OrderDetailID, OrderID, ProductID, Quantity, UnitPrice) VALUES ('47', '228', '283', '9', 593.35');","('47', '228', '283', '9', '593.35'),"
48,338,132,8,437.36,,"INSERT INTO order_details(OrderDetailID, OrderID, ProductID, Quantity, UnitPrice) VALUES ('48', '338', '132', '8', 437.36');","('48', '338', '132', '8', '437.36'),"
49,189,388,9,583.11,,"INSERT INTO order_details(OrderDetailID, OrderID, ProductID, Quantity, UnitPrice) VALUES ('49', '189', '388', '9', 583.11');","('49', '189', '388', '9', '583.11'),"
50,343,497,1,753.89,,"INSERT INTO order_details(OrderDetailID, OrderID, ProductID, Quantity, UnitPrice) VALUES ('50', '343', '497', '1', 753.89');","('50', '343', '497', '1', '753.89'),"
51,365,108,9,733.45,,"INSERT INTO order_details(OrderDetailID, OrderID, ProductID, Quantity, UnitPrice) VALUES ('51', '365', '108', '9', 733.45');","('51', '365', '108', '9', '733.45'),"
52,312,345,3,917.07,,"INSERT INTO order_details(OrderDetailID, OrderID, ProductID, Quantity, UnitPrice) VALUES ('52', '312', '345', '3', 917.07');","('52', '312', '345', '3', '917.07'),"
53,329,93,1,528.35,,"INSERT INTO order_details(OrderDetailID, OrderID, ProductID, Quantity, UnitPrice) VALUES ('53', '329', '93', '1', 528.35');","('53', '329', '93', '1', '528.35'),"
54,444,415,5,841.12,,"INSERT INTO order_details(OrderDetailID, OrderID, ProductID, Quantity, UnitPrice) VALUES ('54', '444', '415', '5', 841.12');","('54', '444', '415', '5', '841.12'),"
55,480,37,4,619.96,,"INSERT INTO order_details(OrderDetailID, OrderID, ProductID, Quantity, UnitPrice) VALUES ('55', '480', '37', '4', 619.96');","('55', '480', '37', '4', '619.96'),"
56,411,366,9,824.86,,"INSERT INTO order_details(OrderDetailID, OrderID, ProductID, Quantity, UnitPrice) VALUES ('56', '411', '366', '9', 824.86');","('56', '411', '366', '9', '824.86'),"
57,34,237,5,569.32,,"INSERT INTO order_details(OrderDetailID, OrderID, ProductID, Quantity, UnitPrice) VALUES ('57', '34', '237', '5', 569.32');","('57', '34', '237', '5', '569.32'),"
58,100,281,6,369.54,,"INSERT INTO order_details(OrderDetailID, OrderID, ProductID, Quantity, UnitPrice) VALUES ('58', '100', '281', '6', 369.54');","('58', '100', '281', '6', '369.54'),"
59,312,330,9,480.19,,"INSERT INTO order_details(OrderDetailID, OrderID, ProductID, Quantity, UnitPrice) VALUES ('59', '312', '330', '9', 480.19');","('59', '312', '330', '9', '480.19'),"
60,308,387,3,464.66,,"INSERT INTO order_details(OrderDetailID, OrderID, ProductID, Quantity, UnitPrice) VALUES ('60', '308', '387', '3', 464.66');","('60', '308', '387', '3', '464.66'),"
61,96,336,9,539.1,,"INSERT INTO order_details(OrderDetailID, OrderID, ProductID, Quantity, UnitPrice) VALUES ('61', '96', '336', '9', 539.1');","('61', '96', '336', '9', '539.1'),"
62,497,2,3,763.59,,"INSERT INTO order_details(OrderDetailID, OrderID, ProductID, Quantity, UnitPrice) VALUES ('62', '497', '2', '3', 763.59');","('62', '497', '2', '3', '763.59'),"
63,14,264,2,36.52,,"INSERT INTO order_details(OrderDetailID, OrderID, ProductID, Quantity, UnitPrice) VALUES ('63', '14', '264', '2', 36.52');","('63', '14', '264', '2', '36.52'),"
64,337,159,10,988.31,,"INSERT INTO order_details(OrderDetailID, OrderID, ProductID, Quantity, UnitPrice) VALUES ('64', '337', '159', '10', 988.31');","('64', '337', '159', '10', '988.31'),"
65,315,73,6,887.13,,"INSERT INTO order_details(OrderDetailID, OrderID, ProductID, Quantity, UnitPrice) VALUES ('65', '315', '73', '6', 887.13');","('65', '315', '73', '6', '887.13'),"
66,16,351,6,715.91,,"INSERT INTO order_details(OrderDetailID, OrderID, ProductID, Quantity, UnitPrice) VALUES ('66', '16', '351', '6', 715.91');","('66', '16', '351', '6', '715.91'),"
67,343,279,2,529.86,,"INSERT INTO order_details(OrderDetailID, OrderID, ProductID, Quantity, UnitPrice) VALUES ('67', '343', '279', '2', 529.86');","('67', '343', '279', '2', '529.86'),"
68,76,242,9,869.74,,"INSERT INTO order_details(OrderDetailID, OrderID, ProductID, Quantity, UnitPrice) VALUES ('68', '76', '242', '9', 869.74');","('68', '76', '242', '9', '869.74'),"
69,145,482,6,393.53,,"INSERT INTO order_details(OrderDetailID, OrderID, ProductID, Quantity, UnitPrice) VALUES ('69', '145', '482', '6', 393.53');","('69', '145', '482', '6', '393.53'),"
70,332,131,7,975.26,,"INSERT INTO order_details(OrderDetailID, OrderID, ProductID, Quantity, UnitPrice) VALUES ('70', '332', '131', '7', 975.26');","('70', '332', '131', '7', '975.26'),"
71,74,397,5,424.92,,"INSERT INTO order_details(OrderDetailID, OrderID, ProductID, Quantity, UnitPrice) VALUES ('71', '74', '397', '5', 424.92');","('71', '74', '397', '5', '424.92'),"
72,486,193,7,735.06,,"INSERT INTO order_details(OrderDetailID, OrderID, ProductID, Quantity, UnitPrice) VALUES ('72', '486', '193', '7', 735.06');","('72', '486', '193', '7', '735.06'),"
73,55,19,10,877.47,,"INSERT INTO order_details(OrderDetailID, OrderID, ProductID, Quantity, UnitPrice) VALUES ('73', '55', '19', '10', 877.47');","('73', '55', '19', '10', '877.47'),"
74,463,199,9,507.62,,"INSERT INTO order_details(OrderDetailID, OrderID, ProductID, Quantity, UnitPrice) VALUES ('74', '463', '199', '9', 507.62');","('74', '463', '199', '9', '507.62'),"
75,348,120,10,353.01,,"INSERT INTO order_details(OrderDetailID, OrderID, ProductID, Quantity, UnitPrice) VALUES ('75', '348', '120', '10', 353.01');","('75', '348', '120', '10', '353.01'),"
76,486,79,10,769.01,,"INSERT INTO order_details(OrderDetailID, OrderID, ProductID, Quantity, UnitPrice) VALUES ('76', '486', '79', '10', 769.01');","('76', '486', '79', '10', '769.01'),"
77,172,230,6,874.96,,"INSERT INTO order_details(OrderDetailID, OrderID, ProductID, Quantity, UnitPrice) VALUES ('77', '172', '230', '6', 874.96');","('77', '172', '230', '6', '874.96'),"
78,359,211,6,667.52,,"INSERT INTO order_details(OrderDetailID, OrderID, ProductID, Quantity, UnitPrice) VALUES ('78', '359', '211', '6', 667.52');","('78', '359', '211', '6', '667.52'),"
79,220,496,1,310.84,,"INSERT INTO order_details(OrderDetailID, OrderID, ProductID, Quantity, UnitPrice) VALUES ('79', '220', '496', '1', 310.84');","('79', '220', '496', '1', '310.84'),"
80,120,338,4,224.57,,"INSERT INTO order_details(OrderDetailID, OrderID, ProductID, Quantity, UnitPrice) VALUES ('80', '120', '338', '4', 224.57');","('80', '120', '338', '4', '224.57'),"
81,495,224,7,792.68,,"INSERT INTO order_details(OrderDetailID, OrderID, ProductID, Quantity, UnitPrice) VALUES ('81', '495', '224', '7', 792.68');","('81', '495', '224', '7', '792.68'),"
82,407,121,2,74.21,,"INSERT INTO order_details(OrderDetailID, OrderID, ProductID, Quantity, UnitPrice) VALUES ('82', '407', '121', '2', 74.21');","('82', '407', '121', '2', '74.21'),"
83,440,466,4,987.13,,"INSERT INTO order_details(OrderDetailID, OrderID, ProductID, Quantity, UnitPrice) VALUES ('83', '440', '466', '4', 987.13');","('83', '440', '466', '4', '987.13'),"
84,321,483,3,275.14,,"INSERT INTO order_details(OrderDetailID, OrderID, ProductID, Quantity, UnitPrice) VALUES ('84', '321', '483', '3', 275.14');","('84', '321', '483', '3', '275.14'),"
85,163,77,9,264.27,,"INSERT INTO order_details(OrderDetailID, OrderID, ProductID, Quantity, UnitPrice) VALUES ('85', '163', '77', '9', 264.27');","('85', '163', '77', '9', '264.27'),"
86,113,489,5,486.51,,"INSERT INTO order_details(OrderDetailID, OrderID, ProductID, Quantity, UnitPrice) VALUES ('86', '113', '489', '5', 486.51');","('86', '113', '489', '5', '486.51'),"
87,32,102,10,349.49,,"INSERT INTO order_details(OrderDetailID, OrderID, ProductID, Quantity, UnitPrice) VALUES ('87', '32', '102', '10', 349.49');","('87', '32', '102', '10', '349.49'),"
88,409,325,1,131.16,,"INSERT INTO order_details(OrderDetailID, OrderID, ProductID, Quantity, UnitPrice) VALUES ('88', '409', '325', '1', 131.16');","('88', '409', '325', '1', '131.16'),"
89,180,153,8,533.51,,"INSERT INTO order_details(OrderDetailID, OrderID, ProductID, Quantity, UnitPrice) VALUES ('89', '180', '153', '8', 533.51');","('89', '180', '153', '8', '533.51'),"
90,467,196,7,500.41,,"INSERT INTO order_details(OrderDetailID, OrderID, ProductID, Quantity, UnitPrice) VALUES ('90', '467', '196', '7', 500.41');","('90', '467', '196', '7', '500.41'),"
91,376,352,10,724.09,,"INSERT INTO order_details(OrderDetailID, OrderID, ProductID, Quantity, UnitPrice) VALUES ('91', '376', '352', '10', 724.09');","('91', '376', '352', '10', '724.09'),"
92,302,163,5,354.26,,"INSERT INTO order_details(OrderDetailID, OrderID, ProductID, Quantity, UnitPrice) VALUES ('92', '302', '163', '5', 354.26');","('92', '302', '163', '5', '354.26'),"
93,142,426,9,276.04,,"INSERT INTO order_details(OrderDetailID, OrderID, ProductID, Quantity, UnitPrice) VALUES ('93', '142', '426', '9', 276.04');","('93', '142', '426', '9', '276.04'),"
94,120,355,10,405.86,,"INSERT INTO order_details(OrderDetailID, OrderID, ProductID, Quantity, UnitPrice) VALUES ('94', '120', '355', '10', 405.86');","('94', '120', '355', '10', '405.86'),"
95,312,354,5,522.96,,"INSERT INTO order_details(OrderDetailID, OrderID, ProductID, Quantity, UnitPrice) VALUES ('95', '312', '354', '5', 522.96');","('95', '312', '354', '5', '522.96'),"
96,405,184,1,734.63,,"INSERT INTO order_details(OrderDetailID, OrderID, ProductID, Quantity, UnitPrice) VALUES ('96', '405', '184', '1', 734.63');","('96', '405', '184', '1', '734.63'),"
97,185,329,3,19.29,,"INSERT INTO order_details(OrderDetailID, OrderID, ProductID, Quantity, UnitPrice) VALUES ('97', '185', '329', '3', 19.29');","('97', '185', '329', '3', '19.29'),"
98,79,484,10,226.13,,"INSERT INTO order_details(OrderDetailID, OrderID, ProductID, Quantity, UnitPrice) VALUES ('98', '79', '484', '10', 226.13');","('98', '79', '484', '10', '226.13'),"
99,261,224,2,832.79,,"INSERT INTO order_details(OrderDetailID, OrderID, ProductID, Quantity, UnitPrice) VALUES ('99', '261', '224', '2', 832.79');","('99', '261', '224', '2', '832.79'),"
100,410,453,1,629.62,,"INSERT INTO order_details(OrderDetailID, OrderID, ProductID, Quantity, UnitPrice) VALUES ('100', '410', '453', '1', 629.62');","('100', '410', '453', '1', '629.62'),"
101,468,318,1,89.32,,"INSERT INTO order_details(OrderDetailID, OrderID, ProductID, Quantity, UnitPrice) VALUES ('101', '468', '318', '1', 89.32');","('101', '468', '318', '1', '89.32'),"
102,14,343,3,810.12,,"INSERT INTO order_details(OrderDetailID, OrderID, ProductID, Quantity, UnitPrice) VALUES ('102', '14', '343', '3', 810.12');","('102', '14', '343', '3', '810.12'),"
103,90,150,8,675.41,,"INSERT INTO order_details(OrderDetailID, OrderID, ProductID, Quantity, UnitPrice) VALUES ('103', '90', '150', '8', 675.41');","('103', '90', '150', '8', '675.41'),"
104,407,295,8,47.34,,"INSERT INTO order_details(OrderDetailID, OrderID, ProductID, Quantity, UnitPrice) VALUES ('104', '407', '295', '8', 47.34');","('104', '407', '295', '8', '47.34'),"
105,320,377,3,602.24,,"INSERT INTO order_details(OrderDetailID, OrderID, ProductID, Quantity, UnitPrice) VALUES ('105', '320', '377', '3', 602.24');","('105', '320', '377', '3', '602.24'),"
106,2,424,10,833.96,,"INSERT INTO order_details(OrderDetailID, OrderID, ProductID, Quantity, UnitPrice) VALUES ('106', '2', '424', '10', 833.96');","('106', '2', '424', '10', '833.96'),"
107,96,309,8,982.43,,"INSERT INTO order_details(OrderDetailID, OrderID, ProductID, Quantity, UnitPrice) VALUES ('107', '96', '309', '8', 982.43');","('107', '96', '309', '8', '982.43'),"
108,131,394,4,133.91,,"INSERT INTO order_details(OrderDetailID, OrderID, ProductID, Quantity, UnitPrice) VALUES ('108', '131', '394', '4', 133.91');","('108', '131', '394', '4', '133.91'),"
109,485,188,3,664.15,,"INSERT INTO order_details(OrderDetailID, OrderID, ProductID, Quantity, UnitPrice) VALUES ('109', '485', '188', '3', 664.15');","('109', '485', '188', '3', '664.15'),"
110,301,87,2,917.7,,"INSERT INTO order_details(OrderDetailID, OrderID, ProductID, Quantity, UnitPrice) VALUES ('110', '301', '87', '2', 917.7');","('110', '301', '87', '2', '917.7'),"
111,498,496,5,157.47,,"INSERT INTO order_details(OrderDetailID, OrderID, ProductID, Quantity, UnitPrice) VALUES ('111', '498', '496', '5', 157.47');","('111', '498', '496', '5', '157.47'),"
112,22,178,1,28.69,,"INSERT INTO order_details(OrderDetailID, OrderID, ProductID, Quantity, UnitPrice) VALUES ('112', '22', '178', '1', 28.69');","('112', '22', '178', '1', '28.69'),"
113,56,164,9,787.8,,"INSERT INTO order_details(OrderDetailID, OrderID, ProductID, Quantity, UnitPrice) VALUES ('113', '56', '164', '9', 787.8');","('113', '56', '164', '9', '787.8'),"
114,143,406,8,689.99,,"INSERT INTO order_details(OrderDetailID, OrderID, ProductID, Quantity, UnitPrice) VALUES ('114', '143', '406', '8', 689.99');","('114', '143', '406', '8', '689.99'),"
115,45,31,2,12.23,,"INSERT INTO order_details(OrderDetailID, OrderID, ProductID, Quantity, UnitPrice) VALUES ('115', '45', '31', '2', 12.23');","('115', '45', '31', '2', '12.23'),"
116,430,99,1,707.34,,"INSERT INTO order_details(OrderDetailID, OrderID, ProductID, Quantity, UnitPrice) VALUES ('116', '430', '99', '1', 707.34');","('116', '430', '99', '1', '707.34'),"
117,328,306,5,20.35,,"INSERT INTO order_details(OrderDetailID, OrderID, ProductID, Quantity, UnitPrice) VALUES ('117', '328', '306', '5', 20.35');","('117', '328', '306', '5', '20.35'),"
118,318,177,4,82.02,,"INSERT INTO order_details(OrderDetailID, OrderID, ProductID, Quantity, UnitPrice) VALUES ('118', '318', '177', '4', 82.02');","('118', '318', '177', '4', '82.02'),"
119,462,399,7,876.22,,"INSERT INTO order_details(OrderDetailID, OrderID, ProductID, Quantity, UnitPrice) VALUES ('119', '462', '399', '7', 876.22');","('119', '462', '399', '7', '876.22'),"
120,200,406,10,755.61,,"INSERT INTO order_details(OrderDetailID, OrderID, ProductID, Quantity, UnitPrice) VALUES ('120', '200', '406', '10', 755.61');","('120', '200', '406', '10', '755.61'),"
121,275,311,9,525.53,,"INSERT INTO order_details(OrderDetailID, OrderID, ProductID, Quantity, UnitPrice) VALUES ('121', '275', '311', '9', 525.53');","('121', '275', '311', '9', '525.53'),"
122,104,428,1,264.43,,"INSERT INTO order_details(OrderDetailID, OrderID, ProductID, Quantity, UnitPrice) VALUES ('122', '104', '428', '1', 264.43');","('122', '104', '428', '1', '264.43'),"
123,452,9,9,957.86,,"INSERT INTO order_details(OrderDetailID, OrderID, ProductID, Quantity, UnitPrice) VALUES ('123', '452', '9', '9', 957.86');","('123', '452', '9', '9', '957.86'),"
124,243,487,4,350.81,,"INSERT INTO order_details(OrderDetailID, OrderID, ProductID, Quantity, UnitPrice) VALUES ('124', '243', '487', '4', 350.81');","('124', '243', '487', '4', '350.81'),"
125,446,457,3,813.21,,"INSERT INTO order_details(OrderDetailID, OrderID, ProductID, Quantity, UnitPrice) VALUES ('125', '446', '457', '3', 813.21');","('125', '446', '457', '3', '813.21'),"
126,402,254,1,530.5,,"INSERT INTO order_details(OrderDetailID, OrderID, ProductID, Quantity, UnitPrice) VALUES ('126', '402', '254', '1', 530.5');","('126', '402', '254', '1', '530.5'),"
127,238,385,5,825.74,,"INSERT INTO order_details(OrderDetailID, OrderID, ProductID, Quantity, UnitPrice) VALUES ('127', '238', '385', '5', 825.74');","('127', '238', '385', '5', '825.74'),"
128,198,12,10,632.52,,"INSERT INTO order_details(OrderDetailID, OrderID, ProductID, Quantity, UnitPrice) VALUES ('128', '198', '12', '10', 632.52');","('128', '198', '12', '10', '632.52'),"
129,175,352,6,530.34,,"INSERT INTO order_details(OrderDetailID, OrderID, ProductID, Quantity, UnitPrice) VALUES ('129', '175', '352', '6', 530.34');","('129', '175', '352', '6', '530.34'),"
130,394,126,1,371.59,,"INSERT INTO order_details(OrderDetailID, OrderID, ProductID, Quantity, UnitPrice) VALUES ('130', '394', '126', '1', 371.59');","('130', '394', '126', '1', '371.59'),"
131,153,451,8,77.33,,"INSERT INTO order_details(OrderDetailID, OrderID, ProductID, Quantity, UnitPrice) VALUES ('131', '153', '451', '8', 77.33');","('131', '153', '451', '8', '77.33'),"
132,100,399,3,386.04,,"INSERT INTO order_details(OrderDetailID, OrderID, ProductID, Quantity, UnitPrice) VALUES ('132', '100', '399', '3', 386.04');","('132', '100', '399', '3', '386.04'),"
133,5,23,8,815.03,,"INSERT INTO order_details(OrderDetailID, OrderID, ProductID, Quantity, UnitPrice) VALUES ('133', '5', '23', '8', 815.03');","('133', '5', '23', '8', '815.03'),"
134,417,73,9,940.05,,"INSERT INTO order_details(OrderDetailID, OrderID, ProductID, Quantity, UnitPrice) VALUES ('134', '417', '73', '9', 940.05');","('134', '417', '73', '9', '940.05'),"
135,390,220,1,58.12,,"INSERT INTO order_details(OrderDetailID, OrderID, ProductID, Quantity, UnitPrice) VALUES ('135', '390', '220', '1', 58.12');","('135', '390', '220', '1', '58.12'),"
136,52,235,7,708.28,,"INSERT INTO order_details(OrderDetailID, OrderID, ProductID, Quantity, UnitPrice) VALUES ('136', '52', '235', '7', 708.28');","('136', '52', '235', '7', '708.28'),"
137,310,24,1,642.74,,"INSERT INTO order_details(OrderDetailID, OrderID, ProductID, Quantity, UnitPrice) VALUES ('137', '310', '24', '1', 642.74');","('137', '310', '24', '1', '642.74'),"
138,116,384,6,90.8,,"INSERT INTO order_details(OrderDetailID, OrderID, ProductID, Quantity, UnitPrice) VALUES ('138', '116', '384', '6', 90.8');","('138', '116', '384', '6', '90.8'),"
139,18,381,7,985.59,,"INSERT INTO order_details(OrderDetailID, OrderID, ProductID, Quantity, UnitPrice) VALUES ('139', '18', '381', '7', 985.59');","('139', '18', '381', '7', '985.59'),"
140,409,41,3,340.38,,"INSERT INTO order_details(OrderDetailID, OrderID, ProductID, Quantity, UnitPrice) VALUES ('140', '409', '41', '3', 340.38');","('140', '409', '41', '3', '340.38'),"
141,222,164,6,241.51,,"INSERT INTO order_details(OrderDetailID, OrderID, ProductID, Quantity, UnitPrice) VALUES ('141', '222', '164', '6', 241.51');","('141', '222', '164', '6', '241.51'),"
142,321,187,9,636.4,,"INSERT INTO order_details(OrderDetailID, OrderID, ProductID, Quantity, UnitPrice) VALUES ('142', '321', '187', '9', 636.4');","('142', '321', '187', '9', '636.4'),"
143,473,105,8,817.95,,"INSERT INTO order_details(OrderDetailID, OrderID, ProductID, Quantity, UnitPrice) VALUES ('143', '473', '105', '8', 817.95');","('143', '473', '105', '8', '817.95'),"
144,396,42,1,281.13,,"INSERT INTO order_details(OrderDetailID, OrderID, ProductID, Quantity, UnitPrice) VALUES ('144', '396', '42', '1', 281.13');","('144', '396', '42', '1', '281.13'),"
145,255,137,3,291.99,,"INSERT INTO order_details(OrderDetailID, OrderID, ProductID, Quantity, UnitPrice) VALUES ('145', '255', '137', '3', 291.99');","('145', '255', '137', '3', '291.99'),"
146,439,286,7,178.62,,"INSERT INTO order_details(OrderDetailID, OrderID, ProductID, Quantity, UnitPrice) VALUES ('146', '439', '286', '7', 178.62');","('146', '439', '286', '7', '178.62'),"
147,279,177,10,140.46,,"INSERT INTO order_details(OrderDetailID, OrderID, ProductID, Quantity, UnitPrice) VALUES ('147', '279', '177', '10', 140.46');","('147', '279', '177', '10', '140.46'),"
148,152,326,5,428.6,,"INSERT INTO order_details(OrderDetailID, OrderID, ProductID, Quantity, UnitPrice) VALUES ('148', '152', '326', '5', 428.6');","('148', '152', '326', '5', '428.6'),"
149,452,182,9,338.07,,"INSERT INTO order_details(OrderDetailID, OrderID, ProductID, Quantity, UnitPrice) VALUES ('149', '452', '182', '9', 338.07');","('149', '452', '182', '9', '338.07'),"
150,22,343,8,918.11,,"INSERT INTO order_details(OrderDetailID, OrderID, ProductID, Quantity, UnitPrice) VALUES ('150', '22', '343', '8', 918.11');","('150', '22', '343', '8', '918.11'),"
151,412,265,6,294.68,,"INSERT INTO order_details(OrderDetailID, OrderID, ProductID, Quantity, UnitPrice) VALUES ('151', '412', '265', '6', 294.68');","('151', '412', '265', '6', '294.68'),"
152,116,107,10,126.88,,"INSERT INTO order_details(OrderDetailID, OrderID, ProductID, Quantity, UnitPrice) VALUES ('152', '116', '107', '10', 126.88');","('152', '116', '107', '10', '126.88'),"
153,255,232,9,867.11,,"INSERT INTO order_details(OrderDetailID, OrderID, ProductID, Quantity, UnitPrice) VALUES ('153', '255', '232', '9', 867.11');","('153', '255', '232', '9', '867.11'),"
154,336,352,4,891.77,,"INSERT INTO order_details(OrderDetailID, OrderID, ProductID, Quantity, UnitPrice) VALUES ('154', '336', '352', '4', 891.77');","('154', '336', '352', '4', '891.77'),"
155,209,483,10,102.06,,"INSERT INTO order_details(OrderDetailID, OrderID, ProductID, Quantity, UnitPrice) VALUES ('155', '209', '483', '10', 102.06');","('155', '209', '483', '10', '102.06'),"
156,313,324,9,742.99,,"INSERT INTO order_details(OrderDetailID, OrderID, ProductID, Quantity, UnitPrice) VALUES ('156', '313', '324', '9', 742.99');","('156', '313', '324', '9', '742.99'),"
157,180,248,4,363.47,,"INSERT INTO order_details(OrderDetailID, OrderID, ProductID, Quantity, UnitPrice) VALUES ('157', '180', '248', '4', 363.47');","('157', '180', '248', '4', '363.47'),"
158,206,221,2,515.59,,"INSERT INTO order_details(OrderDetailID, OrderID, ProductID, Quantity, UnitPrice) VALUES ('158', '206', '221', '2', 515.59');","('158', '206', '221', '2', '515.59'),"
159,10,1,9,773.2,,"INSERT INTO order_details(OrderDetailID, OrderID, ProductID, Quantity, UnitPrice) VALUES ('159', '10', '1', '9', 773.2');","('159', '10', '1', '9', '773.2'),"
160,46,333,7,952.6,,"INSERT INTO order_details(OrderDetailID, OrderID, ProductID, Quantity, UnitPrice) VALUES ('160', '46', '333', '7', 952.6');","('160', '46', '333', '7', '952.6'),"
161,421,319,2,974.12,,"INSERT INTO order_details(OrderDetailID, OrderID, ProductID, Quantity, UnitPrice) VALUES ('161', '421', '319', '2', 974.12');","('161', '421', '319', '2', '974.12'),"
162,148,191,4,997.59,,"INSERT INTO order_details(OrderDetailID, OrderID, ProductID, Quantity, UnitPrice) VALUES ('162', '148', '191', '4', 997.59');","('162', '148', '191', '4', '997.59'),"
163,187,269,3,961.21,,"INSERT INTO order_details(OrderDetailID, OrderID, ProductID, Quantity, UnitPrice) VALUES ('163', '187', '269', '3', 961.21');","('163', '187', '269', '3', '961.21'),"
164,399,488,7,591.61,,"INSERT INTO order_details(OrderDetailID, OrderID, ProductID, Quantity, UnitPrice) VALUES ('164', '399', '488', '7', 591.61');","('164', '399', '488', '7', '591.61'),"
165,402,367,9,808.59,,"INSERT INTO order_details(OrderDetailID, OrderID, ProductID, Quantity, UnitPrice) VALUES ('165', '402', '367', '9', 808.59');","('165', '402', '367', '9', '808.59'),"
166,434,255,1,221.36,,"INSERT INTO order_details(OrderDetailID, OrderID, ProductID, Quantity, UnitPrice) VALUES ('166', '434', '255', '1', 221.36');","('166', '434', '255', '1', '221.36'),"
167,346,33,7,585.19,,"INSERT INTO order_details(OrderDetailID, OrderID, ProductID, Quantity, UnitPrice) VALUES ('167', '346', '33', '7', 585.19');","('167', '346', '33', '7', '585.19'),"
168,91,352,9,221.84,,"INSERT INTO order_details(OrderDetailID, OrderID, ProductID, Quantity, UnitPrice) VALUES ('168', '91', '352', '9', 221.84');","('168', '91', '352', '9', '221.84'),"
169,31,6,5,804.1,,"INSERT INTO order_details(OrderDetailID, OrderID, ProductID, Quantity, UnitPrice) VALUES ('169', '31', '6', '5', 804.1');","('169', '31', '6', '5', '804.1'),"
170,356,425,7,353.12,,"INSERT INTO order_details(OrderDetailID, OrderID, ProductID, Quantity, UnitPrice) VALUES ('170', '356', '425', '7', 353.12');","('170', '356', '425', '7', '353.12'),"
171,275,136,1,835.85,,"INSERT INTO order_details(OrderDetailID, OrderID, ProductID, Quantity, UnitPrice) VALUES ('171', '275', '136', '1', 835.85');","('171', '275', '136', '1', '835.85'),"
172,336,37,7,348.6,,"INSERT INTO order_details(OrderDetailID, OrderID, ProductID, Quantity, UnitPrice) VALUES ('172', '336', '37', '7', 348.6');","('172', '336', '37', '7', '348.6'),"
173,122,408,7,307.09,,"INSERT INTO order_details(OrderDetailID, OrderID, ProductID, Quantity, UnitPrice) VALUES ('173', '122', '408', '7', 307.09');","('173', '122', '408', '7', '307.09'),"
174,469,158,2,594.67,,"INSERT INTO order_details(OrderDetailID, OrderID, ProductID, Quantity, UnitPrice) VALUES ('174', '469', '158', '2', 594.67');","('174', '469', '158', '2', '594.67'),"
175,238,294,10,974.13,,"INSERT INTO order_details(OrderDetailID, OrderID, ProductID, Quantity, UnitPrice) VALUES ('175', '238', '294', '10', 974.13');","('175', '238', '294', '10', '974.13'),"
176,354,344,10,497.98,,"INSERT INTO order_details(OrderDetailID, OrderID, ProductID, Quantity, UnitPrice) VALUES ('176', '354', '344', '10', 497.98');","('176', '354', '344', '10', '497.98'),"
177,414,246,6,512.53,,"INSERT INTO order_details(OrderDetailID, OrderID, ProductID, Quantity, UnitPrice) VALUES ('177', '414', '246', '6', 512.53');","('177', '414', '246', '6', '512.53'),"
178,280,251,7,816.28,,"INSERT INTO order_details(OrderDetailID, OrderID, ProductID, Quantity, UnitPrice) VALUES ('178', '280', '251', '7', 816.28');","('178', '280', '251', '7', '816.28'),"
179,120,56,6,108.56,,"INSERT INTO order_details(OrderDetailID, OrderID, ProductID, Quantity, UnitPrice) VALUES ('179', '120', '56', '6', 108.56');","('179', '120', '56', '6', '108.56'),"
180,426,263,4,893,,"INSERT INTO order_details(OrderDetailID, OrderID, ProductID, Quantity, UnitPrice) VALUES ('180', '426', '263', '4', 893');","('180', '426', '263', '4', '893'),"
181,132,224,9,61.65,,"INSERT INTO order_details(OrderDetailID, OrderID, ProductID, Quantity, UnitPrice) VALUES ('181', '132', '224', '9', 61.65');","('181', '132', '224', '9', '61.65'),"
182,394,218,5,779.54,,"INSERT INTO order_details(OrderDetailID, OrderID, ProductID, Quantity, UnitPrice) VALUES ('182', '394', '218', '5', 779.54');","('182', '394', '218', '5', '779.54'),"
183,15,321,4,900.8,,"INSERT INTO order_details(OrderDetailID, OrderID, ProductID, Quantity, UnitPrice) VALUES ('183', '15', '321', '4', 900.8');","('183', '15', '321', '4', '900.8'),"
184,491,230,3,64.64,,"INSERT INTO order_details(OrderDetailID, OrderID, ProductID, Quantity, UnitPrice) VALUES ('184', '491', '230', '3', 64.64');","('184', '491', '230', '3', '64.64'),"
185,309,357,3,483.43,,"INSERT INTO order_details(OrderDetailID, OrderID, ProductID, Quantity, UnitPrice) VALUES ('185', '309', '357', '3', 483.43');","('185', '309', '357', '3', '483.43'),"
186,462,59,6,305.44,,"INSERT INTO order_details(OrderDetailID, OrderID, ProductID, Quantity, UnitPrice) VALUES ('186', '462', '59', '6', 305.44');","('186', '462', '59', '6', '305.44'),"
187,257,282,1,212.05,,"INSERT INTO order_details(OrderDetailID, OrderID, ProductID, Quantity, UnitPrice) VALUES ('187', '257', '282', '1', 212.05');","('187', '257', '282', '1', '212.05'),"
188,42,354,1,861.82,,"INSERT INTO order_details(OrderDetailID, OrderID, ProductID, Quantity, UnitPrice) VALUES ('188', '42', '354', '1', 861.82');","('188', '42', '354', '1', '861.82'),"
189,134,399,9,935.65,,"INSERT INTO order_details(OrderDetailID, OrderID, ProductID, Quantity, UnitPrice) VALUES ('189', '134', '399', '9', 935.65');","('189', '134', '399', '9', '935.65'),"
190,403,341,1,590.76,,"INSERT INTO order_details(OrderDetailID, OrderID, ProductID, Quantity, UnitPrice) VALUES ('190', '403', '341', '1', 590.76');","('190', '403', '341', '1', '590.76'),"
191,64,373,3,329.13,,"INSERT INTO order_details(OrderDetailID, OrderID, ProductID, Quantity, UnitPrice) VALUES ('191', '64', '373', '3', 329.13');","('191', '64', '373', '3', '329.13'),"
192,178,394,1,784.31,,"INSERT INTO order_details(OrderDetailID, OrderID, ProductID, Quantity, UnitPrice) VALUES ('192', '178', '394', '1', 784.31');","('192', '178', '394', '1', '784.31'),"
193,98,121,10,313.52,,"INSERT INTO order_details(OrderDetailID, OrderID, ProductID, Quantity, UnitPrice) VALUES ('193', '98', '121', '10', 313.52');","('193', '98', '121', '10', '313.52'),"
194,177,82,7,926.88,,"INSERT INTO order_details(OrderDetailID, OrderID, ProductID, Quantity, UnitPrice) VALUES ('194', '177', '82', '7', 926.88');","('194', '177', '82', '7', '926.88'),"
195,214,189,9,642.7,,"INSERT INTO order_details(OrderDetailID, OrderID, ProductID, Quantity, UnitPrice) VALUES ('195', '214', '189', '9', 642.7');","('195', '214', '189', '9', '642.7'),"
196,308,66,6,38.26,,"INSERT INTO order_details(OrderDetailID, OrderID, ProductID, Quantity, UnitPrice) VALUES ('196', '308', '66', '6', 38.26');","('196', '308', '66', '6', '38.26'),"
197,475,79,1,393.82,,"INSERT INTO order_details(OrderDetailID, OrderID, ProductID, Quantity, UnitPrice) VALUES ('197', '475', '79', '1', 393.82');","('197', '475', '79', '1', '393.82'),"
198,449,98,1,864.4,,"INSERT INTO order_details(OrderDetailID, OrderID, ProductID, Quantity, UnitPrice) VALUES ('198', '449', '98', '1', 864.4');","('198', '449', '98', '1', '864.4'),"
199,306,258,9,263.84,,"INSERT INTO order_details(OrderDetailID, OrderID, ProductID, Quantity, UnitPrice) VALUES ('199', '306', '258', '9', 263.84');","('199', '306', '258', '9', '263.84'),"
200,16,207,4,208.47,,"INSERT INTO order_details(OrderDetailID, OrderID, ProductID, Quantity, UnitPrice) VALUES ('200', '16', '207', '4', 208.47');","('200', '16', '207', '4', '208.47'),"
201,354,67,6,691.62,,"INSERT INTO order_details(OrderDetailID, OrderID, ProductID, Quantity, UnitPrice) VALUES ('201', '354', '67', '6', 691.62');","('201', '354', '67', '6', '691.62'),"
202,239,445,8,23.89,,"INSERT INTO order_details(OrderDetailID, OrderID, ProductID, Quantity, UnitPrice) VALUES ('202', '239', '445', '8', 23.89');","('202', '239', '445', '8', '23.89'),"
203,47,307,4,382.54,,"INSERT INTO order_details(OrderDetailID, OrderID, ProductID, Quantity, UnitPrice) VALUES ('203', '47', '307', '4', 382.54');","('203', '47', '307', '4', '382.54'),"
204,172,166,8,628.63,,"INSERT INTO order_details(OrderDetailID, OrderID, ProductID, Quantity, UnitPrice) VALUES ('204', '172', '166', '8', 628.63');","('204', '172', '166', '8', '628.63'),"
205,130,337,1,270.05,,"INSERT INTO order_details(OrderDetailID, OrderID, ProductID, Quantity, UnitPrice) VALUES ('205', '130', '337', '1', 270.05');","('205', '130', '337', '1', '270.05'),"
206,188,244,8,884.34,,"INSERT INTO order_details(OrderDetailID, OrderID, ProductID, Quantity, UnitPrice) VALUES ('206', '188', '244', '8', 884.34');","('206', '188', '244', '8', '884.34'),"
207,205,46,1,458.59,,"INSERT INTO order_details(OrderDetailID, OrderID, ProductID, Quantity, UnitPrice) VALUES ('207', '205', '46', '1', 458.59');","('207', '205', '46', '1', '458.59'),"
208,249,218,2,699.8,,"INSERT INTO order_details(OrderDetailID, OrderID, ProductID, Quantity, UnitPrice) VALUES ('208', '249', '218', '2', 699.8');","('208', '249', '218', '2', '699.8'),"
209,389,101,4,965.39,,"INSERT INTO order_details(OrderDetailID, OrderID, ProductID, Quantity, UnitPrice) VALUES ('209', '389', '101', '4', 965.39');","('209', '389', '101', '4', '965.39'),"
210,302,47,4,808.38,,"INSERT INTO order_details(OrderDetailID, OrderID, ProductID, Quantity, UnitPrice) VALUES ('210', '302', '47', '4', 808.38');","('210', '302', '47', '4', '808.38'),"
211,461,362,6,189.06,,"INSERT INTO order_details(OrderDetailID, OrderID, ProductID, Quantity, UnitPrice) VALUES ('211', '461', '362', '6', 189.06');","('211', '461', '362', '6', '189.06'),"
212,222,319,7,36.8,,"INSERT INTO order_details(OrderDetailID, OrderID, ProductID, Quantity, UnitPrice) VALUES ('212', '222', '319', '7', 36.8');","('212', '222', '319', '7', '36.8'),"
213,256,133,2,475.19,,"INSERT INTO order_details(OrderDetailID, OrderID, ProductID, Quantity, UnitPrice) VALUES ('213', '256', '133', '2', 475.19');","('213', '256', '133', '2', '475.19'),"
214,212,164,9,642.32,,"INSERT INTO order_details(OrderDetailID, OrderID, ProductID, Quantity, UnitPrice) VALUES ('214', '212', '164', '9', 642.32');","('214', '212', '164', '9', '642.32'),"
215,160,264,1,983.09,,"INSERT INTO order_details(OrderDetailID, OrderID, ProductID, Quantity, UnitPrice) VALUES ('215', '160', '264', '1', 983.09');","('215', '160', '264', '1', '983.09'),"
216,351,341,4,65.72,,"INSERT INTO order_details(OrderDetailID, OrderID, ProductID, Quantity, UnitPrice) VALUES ('216', '351', '341', '4', 65.72');","('216', '351', '341', '4', '65.72'),"
217,71,63,9,645.56,,"INSERT INTO order_details(OrderDetailID, OrderID, ProductID, Quantity, UnitPrice) VALUES ('217', '71', '63', '9', 645.56');","('217', '71', '63', '9', '645.56'),"
218,173,400,7,225.81,,"INSERT INTO order_details(OrderDetailID, OrderID, ProductID, Quantity, UnitPrice) VALUES ('218', '173', '400', '7', 225.81');","('218', '173', '400', '7', '225.81'),"
219,436,113,3,352.18,,"INSERT INTO order_details(OrderDetailID, OrderID, ProductID, Quantity, UnitPrice) VALUES ('219', '436', '113', '3', 352.18');","('219', '436', '113', '3', '352.18'),"
220,441,338,3,369.1,,"INSERT INTO order_details(OrderDetailID, OrderID, ProductID, Quantity, UnitPrice) VALUES ('220', '441', '338', '3', 369.1');","('220', '441', '338', '3', '369.1'),"
221,176,320,9,372.75,,"INSERT INTO order_details(OrderDetailID, OrderID, ProductID, Quantity, UnitPrice) VALUES ('221', '176', '320', '9', 372.75');","('221', '176', '320', '9', '372.75'),"
222,63,157,1,259.02,,"INSERT INTO order_details(OrderDetailID, OrderID, ProductID, Quantity, UnitPrice) VALUES ('222', '63', '157', '1', 259.02');","('222', '63', '157', '1', '259.02'),"
223,384,225,6,189.28,,"INSERT INTO order_details(OrderDetailID, OrderID, ProductID, Quantity, UnitPrice) VALUES ('223', '384', '225', '6', 189.28');","('223', '384', '225', '6', '189.28'),"
224,354,212,4,886.6,,"INSERT INTO order_details(OrderDetailID, OrderID, ProductID, Quantity, UnitPrice) VALUES ('224', '354', '212', '4', 886.6');","('224', '354', '212', '4', '886.6'),"
225,18,441,4,236.26,,"INSERT INTO order_details(OrderDetailID, OrderID, ProductID, Quantity, UnitPrice) VALUES ('225', '18', '441', '4', 236.26');","('225', '18', '441', '4', '236.26'),"
226,224,312,8,623.43,,"INSERT INTO order_details(OrderDetailID, OrderID, ProductID, Quantity, UnitPrice) VALUES ('226', '224', '312', '8', 623.43');","('226', '224', '312', '8', '623.43'),"
227,318,36,10,56.64,,"INSERT INTO order_details(OrderDetailID, OrderID, ProductID, Quantity, UnitPrice) VALUES ('227', '318', '36', '10', 56.64');","('227', '318', '36', '10', '56.64'),"
228,483,303,4,857.76,,"INSERT INTO order_details(OrderDetailID, OrderID, ProductID, Quantity, UnitPrice) VALUES ('228', '483', '303', '4', 857.76');","('228', '483', '303', '4', '857.76'),"
229,391,352,1,213.63,,"INSERT INTO order_details(OrderDetailID, OrderID, ProductID, Quantity, UnitPrice) VALUES ('229', '391', '352', '1', 213.63');","('229', '391', '352', '1', '213.63'),"
230,302,87,10,201.24,,"INSERT INTO order_details(OrderDetailID, OrderID, ProductID, Quantity, UnitPrice) VALUES ('230', '302', '87', '10', 201.24');","('230', '302', '87', '10', '201.24'),"
231,276,473,3,121.37,,"INSERT INTO order_details(OrderDetailID, OrderID, ProductID, Quantity, UnitPrice) VALUES ('231', '276', '473', '3', 121.37');","('231', '276', '473', '3', '121.37'),"
232,467,3,6,705.86,,"INSERT INTO order_details(OrderDetailID, OrderID, ProductID, Quantity, UnitPrice) VALUES ('232', '467', '3', '6', 705.86');","('232', '467', '3', '6', '705.86'),"
233,120,282,1,626.17,,"INSERT INTO order_details(OrderDetailID, OrderID, ProductID, Quantity, UnitPrice) VALUES ('233', '120', '282', '1', 626.17');","('233', '120', '282', '1', '626.17'),"
234,163,78,10,510.2,,"INSERT INTO order_details(OrderDetailID, OrderID, ProductID, Quantity, UnitPrice) VALUES ('234', '163', '78', '10', 510.2');","('234', '163', '78', '10', '510.2'),"
235,118,375,3,676.04,,"INSERT INTO order_details(OrderDetailID, OrderID, ProductID, Quantity, UnitPrice) VALUES ('235', '118', '375', '3', 676.04');","('235', '118', '375', '3', '676.04'),"
236,401,419,2,477.98,,"INSERT INTO order_details(OrderDetailID, OrderID, ProductID, Quantity, UnitPrice) VALUES ('236', '401', '419', '2', 477.98');","('236', '401', '419', '2', '477.98'),"
237,34,358,5,309.54,,"INSERT INTO order_details(OrderDetailID, OrderID, ProductID, Quantity, UnitPrice) VALUES ('237', '34', '358', '5', 309.54');","('237', '34', '358', '5', '309.54'),"
238,336,359,5,629.12,,"INSERT INTO order_details(OrderDetailID, OrderID, ProductID, Quantity, UnitPrice) VALUES ('238', '336', '359', '5', 629.12');","('238', '336', '359', '5', '629.12'),"
239,8,471,5,729.91,,"INSERT INTO order_details(OrderDetailID, OrderID, ProductID, Quantity, UnitPrice) VALUES ('239', '8', '471', '5', 729.91');","('239', '8', '471', '5', '729.91'),"
240,108,419,4,463.91,,"INSERT INTO order_details(OrderDetailID, OrderID, ProductID, Quantity, UnitPrice) VALUES ('240', '108', '419', '4', 463.91');","('240', '108', '419', '4', '463.91'),"
241,362,142,9,268.88,,"INSERT INTO order_details(OrderDetailID, OrderID, ProductID, Quantity, UnitPrice) VALUES ('241', '362', '142', '9', 268.88');","('241', '362', '142', '9', '268.88'),"
242,147,337,3,403.97,,"INSERT INTO order_details(OrderDetailID, OrderID, ProductID, Quantity, UnitPrice) VALUES ('242', '147', '337', '3', 403.97');","('242', '147', '337', '3', '403.97'),"
243,219,500,2,626.79,,"INSERT INTO order_details(OrderDetailID, OrderID, ProductID, Quantity, UnitPrice) VALUES ('243', '219', '500', '2', 626.79');","('243', '219', '500', '2', '626.79'),"
244,281,180,3,145.55,,"INSERT INTO order_details(OrderDetailID, OrderID, ProductID, Quantity, UnitPrice) VALUES ('244', '281', '180', '3', 145.55');","('244', '281', '180', '3', '145.55'),"
245,239,8,1,857.91,,"INSERT INTO order_details(OrderDetailID, OrderID, ProductID, Quantity, UnitPrice) VALUES ('245', '239', '8', '1', 857.91');","('245', '239', '8', '1', '857.91'),"
246,400,195,9,603.28,,"INSERT INTO order_details(OrderDetailID, OrderID, ProductID, Quantity, UnitPrice) VALUES ('246', '400', '195', '9', 603.28');","('246', '400', '195', '9', '603.28'),"
247,278,232,9,419.65,,"INSERT INTO order_details(OrderDetailID, OrderID, ProductID, Quantity, UnitPrice) VALUES ('247', '278', '232', '9', 419.65');","('247', '278', '232', '9', '419.65'),"
248,195,13,8,174.02,,"INSERT INTO order_details(OrderDetailID, OrderID, ProductID, Quantity, UnitPrice) VALUES ('248', '195', '13', '8', 174.02');","('248', '195', '13', '8', '174.02'),"
249,470,328,1,422.37,,"INSERT INTO order_details(OrderDetailID, OrderID, ProductID, Quantity, UnitPrice) VALUES ('249', '470', '328', '1', 422.37');","('249', '470', '328', '1', '422.37'),"
250,190,270,8,346.59,,"INSERT INTO order_details(OrderDetailID, OrderID, ProductID, Quantity, UnitPrice) VALUES ('250', '190', '270', '8', 346.59');","('250', '190', '270', '8', '346.59'),"
251,389,424,9,511.11,,"INSERT INTO order_details(OrderDetailID, OrderID, ProductID, Quantity, UnitPrice) VALUES ('251', '389', '424', '9', 511.11');","('251', '389', '424', '9', '511.11'),"
252,29,309,4,640.43,,"INSERT INTO order_details(OrderDetailID, OrderID, ProductID, Quantity, UnitPrice) VALUES ('252', '29', '309', '4', 640.43');","('252', '29', '309', '4', '640.43'),"
253,381,423,5,413.84,,"INSERT INTO order_details(OrderDetailID, OrderID, ProductID, Quantity, UnitPrice) VALUES ('253', '381', '423', '5', 413.84');","('253', '381', '423', '5', '413.84'),"
254,16,447,10,971.03,,"INSERT INTO order_details(OrderDetailID, OrderID, ProductID, Quantity, UnitPrice) VALUES ('254', '16', '447', '10', 971.03');","('254', '16', '447', '10', '971.03'),"
255,407,145,9,603.31,,"INSERT INTO order_details(OrderDetailID, OrderID, ProductID, Quantity, UnitPrice) VALUES ('255', '407', '145', '9', 603.31');","('255', '407', '145', '9', '603.31'),"
256,465,315,6,530.77,,"INSERT INTO order_details(OrderDetailID, OrderID, ProductID, Quantity, UnitPrice) VALUES ('256', '465', '315', '6', 530.77');","('256', '465', '315', '6', '530.77'),"
257,21,28,8,490.46,,"INSERT INTO order_details(OrderDetailID, OrderID, ProductID, Quantity, UnitPrice) VALUES ('257', '21', '28', '8', 490.46');","('257', '21', '28', '8', '490.46'),"
258,237,131,1,464.32,,"INSERT INTO order_details(OrderDetailID, OrderID, ProductID, Quantity, UnitPrice) VALUES ('258', '237', '131', '1', 464.32');","('258', '237', '131', '1', '464.32'),"
259,97,265,1,35.07,,"INSERT INTO order_details(OrderDetailID, OrderID, ProductID, Quantity, UnitPrice) VALUES ('259', '97', '265', '1', 35.07');","('259', '97', '265', '1', '35.07'),"
260,139,325,1,971.77,,"INSERT INTO order_details(OrderDetailID, OrderID, ProductID, Quantity, UnitPrice) VALUES ('260', '139', '325', '1', 971.77');","('260', '139', '325', '1', '971.77'),"
261,248,53,4,161.97,,"INSERT INTO order_details(OrderDetailID, OrderID, ProductID, Quantity, UnitPrice) VALUES ('261', '248', '53', '4', 161.97');","('261', '248', '53', '4', '161.97'),"
262,411,180,8,690.88,,"INSERT INTO order_details(OrderDetailID, OrderID, ProductID, Quantity, UnitPrice) VALUES ('262', '411', '180', '8', 690.88');","('262', '411', '180', '8', '690.88'),"
263,335,181,9,532.95,,"INSERT INTO order_details(OrderDetailID, OrderID, ProductID, Quantity, UnitPrice) VALUES ('263', '335', '181', '9', 532.95');","('263', '335', '181', '9', '532.95'),"
264,273,256,9,575.23,,"INSERT INTO order_details(OrderDetailID, OrderID, ProductID, Quantity, UnitPrice) VALUES ('264', '273', '256', '9', 575.23');","('264', '273', '256', '9', '575.23'),"
265,362,351,2,422.11,,"INSERT INTO order_details(OrderDetailID, OrderID, ProductID, Quantity, UnitPrice) VALUES ('265', '362', '351', '2', 422.11');","('265', '362', '351', '2', '422.11'),"
266,471,256,1,501.77,,"INSERT INTO order_details(OrderDetailID, OrderID, ProductID, Quantity, UnitPrice) VALUES ('266', '471', '256', '1', 501.77');","('266', '471', '256', '1', '501.77'),"
267,477,318,2,997.36,,"INSERT INTO order_details(OrderDetailID, OrderID, ProductID, Quantity, UnitPrice) VALUES ('267', '477', '318', '2', 997.36');","('267', '477', '318', '2', '997.36'),"
268,58,210,7,327.51,,"INSERT INTO order_details(OrderDetailID, OrderID, ProductID, Quantity, UnitPrice) VALUES ('268', '58', '210', '7', 327.51');","('268', '58', '210', '7', '327.51'),"
269,293,205,8,652.8,,"INSERT INTO order_details(OrderDetailID, OrderID, ProductID, Quantity, UnitPrice) VALUES ('269', '293', '205', '8', 652.8');","('269', '293', '205', '8', '652.8'),"
270,10,1,6,926.79,,"INSERT INTO order_details(OrderDetailID, OrderID, ProductID, Quantity, UnitPrice) VALUES ('270', '10', '1', '6', 926.79');","('270', '10', '1', '6', '926.79'),"
271,113,280,7,873.42,,"INSERT INTO order_details(OrderDetailID, OrderID, ProductID, Quantity, UnitPrice) VALUES ('271', '113', '280', '7', 873.42');","('271', '113', '280', '7', '873.42'),"
272,273,446,6,693.06,,"INSERT INTO order_details(OrderDetailID, OrderID, ProductID, Quantity, UnitPrice) VALUES ('272', '273', '446', '6', 693.06');","('272', '273', '446', '6', '693.06'),"
273,123,124,9,367.09,,"INSERT INTO order_details(OrderDetailID, OrderID, ProductID, Quantity, UnitPrice) VALUES ('273', '123', '124', '9', 367.09');","('273', '123', '124', '9', '367.09'),"
274,10,439,9,114.99,,"INSERT INTO order_details(OrderDetailID, OrderID, ProductID, Quantity, UnitPrice) VALUES ('274', '10', '439', '9', 114.99');","('274', '10', '439', '9', '114.99'),"
275,59,327,10,734.66,,"INSERT INTO order_details(OrderDetailID, OrderID, ProductID, Quantity, UnitPrice) VALUES ('275', '59', '327', '10', 734.66');","('275', '59', '327', '10', '734.66'),"
276,335,132,10,358.1,,"INSERT INTO order_details(OrderDetailID, OrderID, ProductID, Quantity, UnitPrice) VALUES ('276', '335', '132', '10', 358.1');","('276', '335', '132', '10', '358.1'),"
277,236,217,10,809.13,,"INSERT INTO order_details(OrderDetailID, OrderID, ProductID, Quantity, UnitPrice) VALUES ('277', '236', '217', '10', 809.13');","('277', '236', '217', '10', '809.13'),"
278,34,33,3,872.12,,"INSERT INTO order_details(OrderDetailID, OrderID, ProductID, Quantity, UnitPrice) VALUES ('278', '34', '33', '3', 872.12');","('278', '34', '33', '3', '872.12'),"
279,337,271,10,379.16,,"INSERT INTO order_details(OrderDetailID, OrderID, ProductID, Quantity, UnitPrice) VALUES ('279', '337', '271', '10', 379.16');","('279', '337', '271', '10', '379.16'),"
280,488,10,4,807.59,,"INSERT INTO order_details(OrderDetailID, OrderID, ProductID, Quantity, UnitPrice) VALUES ('280', '488', '10', '4', 807.59');","('280', '488', '10', '4', '807.59'),"
281,444,267,10,426.22,,"INSERT INTO order_details(OrderDetailID, OrderID, ProductID, Quantity, UnitPrice) VALUES ('281', '444', '267', '10', 426.22');","('281', '444', '267', '10', '426.22'),"
282,469,50,4,951.82,,"INSERT INTO order_details(OrderDetailID, OrderID, ProductID, Quantity, UnitPrice) VALUES ('282', '469', '50', '4', 951.82');","('282', '469', '50', '4', '951.82'),"
283,108,445,5,667.19,,"INSERT INTO order_details(OrderDetailID, OrderID, ProductID, Quantity, UnitPrice) VALUES ('283', '108', '445', '5', 667.19');","('283', '108', '445', '5', '667.19'),"
284,392,227,5,997.2,,"INSERT INTO order_details(OrderDetailID, OrderID, ProductID, Quantity, UnitPrice) VALUES ('284', '392', '227', '5', 997.2');","('284', '392', '227', '5', '997.2'),"
285,304,20,10,701.72,,"INSERT INTO order_details(OrderDetailID, OrderID, ProductID, Quantity, UnitPrice) VALUES ('285', '304', '20', '10', 701.72');","('285', '304', '20', '10', '701.72'),"
286,312,59,1,184.53,,"INSERT INTO order_details(OrderDetailID, OrderID, ProductID, Quantity, UnitPrice) VALUES ('286', '312', '59', '1', 184.53');","('286', '312', '59', '1', '184.53'),"
287,461,84,8,346.08,,"INSERT INTO order_details(OrderDetailID, OrderID, ProductID, Quantity, UnitPrice) VALUES ('287', '461', '84', '8', 346.08');","('287', '461', '84', '8', '346.08'),"
288,101,60,4,454.13,,"INSERT INTO order_details(OrderDetailID, OrderID, ProductID, Quantity, UnitPrice) VALUES ('288', '101', '60', '4', 454.13');","('288', '101', '60', '4', '454.13'),"
289,400,138,3,737.2,,"INSERT INTO order_details(OrderDetailID, OrderID, ProductID, Quantity, UnitPrice) VALUES ('289', '400', '138', '3', 737.2');","('289', '400', '138', '3', '737.2'),"
290,12,473,7,708.88,,"INSERT INTO order_details(OrderDetailID, OrderID, ProductID, Quantity, UnitPrice) VALUES ('290', '12', '473', '7', 708.88');","('290', '12', '473', '7', '708.88'),"
291,466,386,7,252.97,,"INSERT INTO order_details(OrderDetailID, OrderID, ProductID, Quantity, UnitPrice) VALUES ('291', '466', '386', '7', 252.97');","('291', '466', '386', '7', '252.97'),"
292,190,471,10,956.22,,"INSERT INTO order_details(OrderDetailID, OrderID, ProductID, Quantity, UnitPrice) VALUES ('292', '190', '471', '10', 956.22');","('292', '190', '471', '10', '956.22'),"
293,264,304,2,84.29,,"INSERT INTO order_details(OrderDetailID, OrderID, ProductID, Quantity, UnitPrice) VALUES ('293', '264', '304', '2', 84.29');","('293', '264', '304', '2', '84.29'),"
294,434,489,6,277.55,,"INSERT INTO order_details(OrderDetailID, OrderID, ProductID, Quantity, UnitPrice) VALUES ('294', '434', '489', '6', 277.55');","('294', '434', '489', '6', '277.55'),"
295,134,89,9,817.43,,"INSERT INTO order_details(OrderDetailID, OrderID, ProductID, Quantity, UnitPrice) VALUES ('295', '134', '89', '9', 817.43');","('295', '134', '89', '9', '817.43'),"
296,234,162,6,766.22,,"INSERT INTO order_details(OrderDetailID, OrderID, ProductID, Quantity, UnitPrice) VALUES ('296', '234', '162', '6', 766.22');","('296', '234', '162', '6', '766.22'),"
297,461,9,10,510.16,,"INSERT INTO order_details(OrderDetailID, OrderID, ProductID, Quantity, UnitPrice) VALUES ('297', '461', '9', '10', 510.16');","('297', '461', '9', '10', '510.16'),"
298,251,331,1,431.52,,"INSERT INTO order_details(OrderDetailID, OrderID, ProductID, Quantity, UnitPrice) VALUES ('298', '251', '331', '1', 431.52');","('298', '251', '331', '1', '431.52'),"
299,128,308,8,592.16,,"INSERT INTO order_details(OrderDetailID, OrderID, ProductID, Quantity, UnitPrice) VALUES ('299', '128', '308', '8', 592.16');","('299', '128', '308', '8', '592.16'),"
300,118,129,3,980.48,,"INSERT INTO order_details(OrderDetailID, OrderID, ProductID, Quantity, UnitPrice) VALUES ('300', '118', '129', '3', 980.48');","('300', '118', '129', '3', '980.48'),"
301,106,16,5,134.09,,"INSERT INTO order_details(OrderDetailID, OrderID, ProductID, Quantity, UnitPrice) VALUES ('301', '106', '16', '5', 134.09');","('301', '106', '16', '5', '134.09'),"
302,465,490,2,156.48,,"INSERT INTO order_details(OrderDetailID, OrderID, ProductID, Quantity, UnitPrice) VALUES ('302', '465', '490', '2', 156.48');","('302', '465', '490', '2', '156.48'),"
303,73,425,3,332.98,,"INSERT INTO order_details(OrderDetailID, OrderID, ProductID, Quantity, UnitPrice) VALUES ('303', '73', '425', '3', 332.98');","('303', '73', '425', '3', '332.98'),"
304,314,414,3,146.25,,"INSERT INTO order_details(OrderDetailID, OrderID, ProductID, Quantity, UnitPrice) VALUES ('304', '314', '414', '3', 146.25');","('304', '314', '414', '3', '146.25'),"
305,393,137,9,453.47,,"INSERT INTO order_details(OrderDetailID, OrderID, ProductID, Quantity, UnitPrice) VALUES ('305', '393', '137', '9', 453.47');","('305', '393', '137', '9', '453.47'),"
306,373,427,6,242.09,,"INSERT INTO order_details(OrderDetailID, OrderID, ProductID, Quantity, UnitPrice) VALUES ('306', '373', '427', '6', 242.09');","('306', '373', '427', '6', '242.09'),"
307,63,169,6,356,,"INSERT INTO order_details(OrderDetailID, OrderID, ProductID, Quantity, UnitPrice) VALUES ('307', '63', '169', '6', 356');","('307', '63', '169', '6', '356'),"
308,437,465,3,351.96,,"INSERT INTO order_details(OrderDetailID, OrderID, ProductID, Quantity, UnitPrice) VALUES ('308', '437', '465', '3', 351.96');","('308', '437', '465', '3', '351.96'),"
309,378,340,3,27.69,,"INSERT INTO order_details(OrderDetailID, OrderID, ProductID, Quantity, UnitPrice) VALUES ('309', '378', '340', '3', 27.69');","('309', '378', '340', '3', '27.69'),"
310,133,288,5,426.54,,"INSERT INTO order_details(OrderDetailID, OrderID, ProductID, Quantity, UnitPrice) VALUES ('310', '133', '288', '5', 426.54');","('310', '133', '288', '5', '426.54'),"
311,127,481,1,459.1,,"INSERT INTO order_details(OrderDetailID, OrderID, ProductID, Quantity, UnitPrice) VALUES ('311', '127', '481', '1', 459.1');","('311', '127', '481', '1', '459.1'),"
312,243,257,5,152.61,,"INSERT INTO order_details(OrderDetailID, OrderID, ProductID, Quantity, UnitPrice) VALUES ('312', '243', '257', '5', 152.61');","('312', '243', '257', '5', '152.61'),"
313,188,151,7,639.2,,"INSERT INTO order_details(OrderDetailID, OrderID, ProductID, Quantity, UnitPrice) VALUES ('313', '188', '151', '7', 639.2');","('313', '188', '151', '7', '639.2'),"
314,210,52,8,899.82,,"INSERT INTO order_details(OrderDetailID, OrderID, ProductID, Quantity, UnitPrice) VALUES ('314', '210', '52', '8', 899.82');","('314', '210', '52', '8', '899.82'),"
315,340,49,6,452.91,,"INSERT INTO order_details(OrderDetailID, OrderID, ProductID, Quantity, UnitPrice) VALUES ('315', '340', '49', '6', 452.91');","('315', '340', '49', '6', '452.91'),"
316,2,167,9,432.74,,"INSERT INTO order_details(OrderDetailID, OrderID, ProductID, Quantity, UnitPrice) VALUES ('316', '2', '167', '9', 432.74');","('316', '2', '167', '9', '432.74'),"
317,270,162,3,528.16,,"INSERT INTO order_details(OrderDetailID, OrderID, ProductID, Quantity, UnitPrice) VALUES ('317', '270', '162', '3', 528.16');","('317', '270', '162', '3', '528.16'),"
318,158,289,9,885.82,,"INSERT INTO order_details(OrderDetailID, OrderID, ProductID, Quantity, UnitPrice) VALUES ('318', '158', '289', '9', 885.82');","('318', '158', '289', '9', '885.82'),"
319,159,116,2,946.95,,"INSERT INTO order_details(OrderDetailID, OrderID, ProductID, Quantity, UnitPrice) VALUES ('319', '159', '116', '2', 946.95');","('319', '159', '116', '2', '946.95'),"
320,499,378,5,249.57,,"INSERT INTO order_details(OrderDetailID, OrderID, ProductID, Quantity, UnitPrice) VALUES ('320', '499', '378', '5', 249.57');","('320', '499', '378', '5', '249.57'),"
321,152,305,5,258.08,,"INSERT INTO order_details(OrderDetailID, OrderID, ProductID, Quantity, UnitPrice) VALUES ('321', '152', '305', '5', 258.08');","('321', '152', '305', '5', '258.08'),"
322,473,99,5,529.77,,"INSERT INTO order_details(OrderDetailID, OrderID, ProductID, Quantity, UnitPrice) VALUES ('322', '473', '99', '5', 529.77');","('322', '473', '99', '5', '529.77'),"
323,50,56,7,304.58,,"INSERT INTO order_details(OrderDetailID, OrderID, ProductID, Quantity, UnitPrice) VALUES ('323', '50', '56', '7', 304.58');","('323', '50', '56', '7', '304.58'),"
324,455,473,3,142.68,,"INSERT INTO order_details(OrderDetailID, OrderID, ProductID, Quantity, UnitPrice) VALUES ('324', '455', '473', '3', 142.68');","('324', '455', '473', '3', '142.68'),"
325,47,287,2,400.86,,"INSERT INTO order_details(OrderDetailID, OrderID, ProductID, Quantity, UnitPrice) VALUES ('325', '47', '287', '2', 400.86');","('325', '47', '287', '2', '400.86'),"
326,162,267,4,344.02,,"INSERT INTO order_details(OrderDetailID, OrderID, ProductID, Quantity, UnitPrice) VALUES ('326', '162', '267', '4', 344.02');","('326', '162', '267', '4', '344.02'),"
327,458,398,2,592.73,,"INSERT INTO order_details(OrderDetailID, OrderID, ProductID, Quantity, UnitPrice) VALUES ('327', '458', '398', '2', 592.73');","('327', '458', '398', '2', '592.73'),"
328,64,123,10,405.3,,"INSERT INTO order_details(OrderDetailID, OrderID, ProductID, Quantity, UnitPrice) VALUES ('328', '64', '123', '10', 405.3');","('328', '64', '123', '10', '405.3'),"
329,279,448,9,164.99,,"INSERT INTO order_details(OrderDetailID, OrderID, ProductID, Quantity, UnitPrice) VALUES ('329', '279', '448', '9', 164.99');","('329', '279', '448', '9', '164.99'),"
330,356,46,2,278.6,,"INSERT INTO order_details(OrderDetailID, OrderID, ProductID, Quantity, UnitPrice) VALUES ('330', '356', '46', '2', 278.6');","('330', '356', '46', '2', '278.6'),"
331,288,198,1,640.86,,"INSERT INTO order_details(OrderDetailID, OrderID, ProductID, Quantity, UnitPrice) VALUES ('331', '288', '198', '1', 640.86');","('331', '288', '198', '1', '640.86'),"
332,226,390,7,278.25,,"INSERT INTO order_details(OrderDetailID, OrderID, ProductID, Quantity, UnitPrice) VALUES ('332', '226', '390', '7', 278.25');","('332', '226', '390', '7', '278.25'),"
333,286,84,3,391.36,,"INSERT INTO order_details(OrderDetailID, OrderID, ProductID, Quantity, UnitPrice) VALUES ('333', '286', '84', '3', 391.36');","('333', '286', '84', '3', '391.36'),"
334,168,295,6,686.89,,"INSERT INTO order_details(OrderDetailID, OrderID, ProductID, Quantity, UnitPrice) VALUES ('334', '168', '295', '6', 686.89');","('334', '168', '295', '6', '686.89'),"
335,432,15,5,62.13,,"INSERT INTO order_details(OrderDetailID, OrderID, ProductID, Quantity, UnitPrice) VALUES ('335', '432', '15', '5', 62.13');","('335', '432', '15', '5', '62.13'),"
336,472,106,7,38.96,,"INSERT INTO order_details(OrderDetailID, OrderID, ProductID, Quantity, UnitPrice) VALUES ('336', '472', '106', '7', 38.96');","('336', '472', '106', '7', '38.96'),"
337,14,326,5,795.42,,"INSERT INTO order_details(OrderDetailID, OrderID, ProductID, Quantity, UnitPrice) VALUES ('337', '14', '326', '5', 795.42');","('337', '14', '326', '5', '795.42'),"
338,296,443,5,735.66,,"INSERT INTO order_details(OrderDetailID, OrderID, ProductID, Quantity, UnitPrice) VALUES ('338', '296', '443', '5', 735.66');","('338', '296', '443', '5', '735.66'),"
339,212,360,2,607.47,,"INSERT INTO order_details(OrderDetailID, OrderID, ProductID, Quantity, UnitPrice) VALUES ('339', '212', '360', '2', 607.47');","('339', '212', '360', '2', '607.47'),"
340,21,164,8,581.41,,"INSERT INTO order_details(OrderDetailID, OrderID, ProductID, Quantity, UnitPrice) VALUES ('340', '21', '164', '8', 581.41');","('340', '21', '164', '8', '581.41'),"
341,339,229,10,951.77,,"INSERT INTO order_details(OrderDetailID, OrderID, ProductID, Quantity, UnitPrice) VALUES ('341', '339', '229', '10', 951.77');","('341', '339', '229', '10', '951.77'),"
342,292,424,1,314.97,,"INSERT INTO order_details(OrderDetailID, OrderID, ProductID, Quantity, UnitPrice) VALUES ('342', '292', '424', '1', 314.97');","('342', '292', '424', '1', '314.97'),"
343,143,158,4,992.15,,"INSERT INTO order_details(OrderDetailID, OrderID, ProductID, Quantity, UnitPrice) VALUES ('343', '143', '158', '4', 992.15');","('343', '143', '158', '4', '992.15'),"
344,247,283,4,237.09,,"INSERT INTO order_details(OrderDetailID, OrderID, ProductID, Quantity, UnitPrice) VALUES ('344', '247', '283', '4', 237.09');","('344', '247', '283', '4', '237.09'),"
345,302,194,3,225.77,,"INSERT INTO order_details(OrderDetailID, OrderID, ProductID, Quantity, UnitPrice) VALUES ('345', '302', '194', '3', 225.77');","('345', '302', '194', '3', '225.77'),"
346,327,313,7,713.46,,"INSERT INTO order_details(OrderDetailID, OrderID, ProductID, Quantity, UnitPrice) VALUES ('346', '327', '313', '7', 713.46');","('346', '327', '313', '7', '713.46'),"
347,418,124,9,562.94,,"INSERT INTO order_details(OrderDetailID, OrderID, ProductID, Quantity, UnitPrice) VALUES ('347', '418', '124', '9', 562.94');","('347', '418', '124', '9', '562.94'),"
348,164,354,5,767.03,,"INSERT INTO order_details(OrderDetailID, OrderID, ProductID, Quantity, UnitPrice) VALUES ('348', '164', '354', '5', 767.03');","('348', '164', '354', '5', '767.03'),"
349,190,115,3,745.11,,"INSERT INTO order_details(OrderDetailID, OrderID, ProductID, Quantity, UnitPrice) VALUES ('349', '190', '115', '3', 745.11');","('349', '190', '115', '3', '745.11'),"
350,278,29,6,131.78,,"INSERT INTO order_details(OrderDetailID, OrderID, ProductID, Quantity, UnitPrice) VALUES ('350', '278', '29', '6', 131.78');","('350', '278', '29', '6', '131.78'),"
351,71,126,6,168.31,,"INSERT INTO order_details(OrderDetailID, OrderID, ProductID, Quantity, UnitPrice) VALUES ('351', '71', '126', '6', 168.31');","('351', '71', '126', '6', '168.31'),"
352,97,49,6,633.16,,"INSERT INTO order_details(OrderDetailID, OrderID, ProductID, Quantity, UnitPrice) VALUES ('352', '97', '49', '6', 633.16');","('352', '97', '49', '6', '633.16'),"
353,362,166,9,293.98,,"INSERT INTO order_details(OrderDetailID, OrderID, ProductID, Quantity, UnitPrice) VALUES ('353', '362', '166', '9', 293.98');","('353', '362', '166', '9', '293.98'),"
354,476,366,9,936.09,,"INSERT INTO order_details(OrderDetailID, OrderID, ProductID, Quantity, UnitPrice) VALUES ('354', '476', '366', '9', 936.09');","('354', '476', '366', '9', '936.09'),"
355,447,362,3,80.43,,"INSERT INTO order_details(OrderDetailID, OrderID, ProductID, Quantity, UnitPrice) VALUES ('355', '447', '362', '3', 80.43');","('355', '447', '362', '3', '80.43'),"
356,19,146,9,19.76,,"INSERT INTO order_details(OrderDetailID, OrderID, ProductID, Quantity, UnitPrice) VALUES ('356', '19', '146', '9', 19.76');","('356', '19', '146', '9', '19.76'),"
357,227,110,1,910.55,,"INSERT INTO order_details(OrderDetailID, OrderID, ProductID, Quantity, UnitPrice) VALUES ('357', '227', '110', '1', 910.55');","('357', '227', '110', '1', '910.55'),"
358,2,92,4,950.29,,"INSERT INTO order_details(OrderDetailID, OrderID, ProductID, Quantity, UnitPrice) VALUES ('358', '2', '92', '4', 950.29');","('358', '2', '92', '4', '950.29'),"
359,209,95,8,539,,"INSERT INTO order_details(OrderDetailID, OrderID, ProductID, Quantity, UnitPrice) VALUES ('359', '209', '95', '8', 539');","('359', '209', '95', '8', '539'),"
360,129,339,5,976.95,,"INSERT INTO order_details(OrderDetailID, OrderID, ProductID, Quantity, UnitPrice) VALUES ('360', '129', '339', '5', 976.95');","('360', '129', '339', '5', '976.95'),"
361,236,105,1,996.08,,"INSERT INTO order_details(OrderDetailID, OrderID, ProductID, Quantity, UnitPrice) VALUES ('361', '236', '105', '1', 996.08');","('361', '236', '105', '1', '996.08'),"
362,297,489,9,327.85,,"INSERT INTO order_details(OrderDetailID, OrderID, ProductID, Quantity, UnitPrice) VALUES ('362', '297', '489', '9', 327.85');","('362', '297', '489', '9', '327.85'),"
363,124,465,7,18.33,,"INSERT INTO order_details(OrderDetailID, OrderID, ProductID, Quantity, UnitPrice) VALUES ('363', '124', '465', '7', 18.33');","('363', '124', '465', '7', '18.33'),"
364,156,498,10,568.43,,"INSERT INTO order_details(OrderDetailID, OrderID, ProductID, Quantity, UnitPrice) VALUES ('364', '156', '498', '10', 568.43');","('364', '156', '498', '10', '568.43'),"
365,487,383,2,370.44,,"INSERT INTO order_details(OrderDetailID, OrderID, ProductID, Quantity, UnitPrice) VALUES ('365', '487', '383', '2', 370.44');","('365', '487', '383', '2', '370.44'),"
366,115,217,3,518.4,,"INSERT INTO order_details(OrderDetailID, OrderID, ProductID, Quantity, UnitPrice) VALUES ('366', '115', '217', '3', 518.4');","('366', '115', '217', '3', '518.4'),"
367,47,440,2,87.46,,"INSERT INTO order_details(OrderDetailID, OrderID, ProductID, Quantity, UnitPrice) VALUES ('367', '47', '440', '2', 87.46');","('367', '47', '440', '2', '87.46'),"
368,466,152,9,950.34,,"INSERT INTO order_details(OrderDetailID, OrderID, ProductID, Quantity, UnitPrice) VALUES ('368', '466', '152', '9', 950.34');","('368', '466', '152', '9', '950.34'),"
369,48,438,6,812.62,,"INSERT INTO order_details(OrderDetailID, OrderID, ProductID, Quantity, UnitPrice) VALUES ('369', '48', '438', '6', 812.62');","('369', '48', '438', '6', '812.62'),"
370,436,161,8,92.32,,"INSERT INTO order_details(OrderDetailID, OrderID, ProductID, Quantity, UnitPrice) VALUES ('370', '436', '161', '8', 92.32');","('370', '436', '161', '8', '92.32'),"
371,450,20,3,517.14,,"INSERT INTO order_details(OrderDetailID, OrderID, ProductID, Quantity, UnitPrice) VALUES ('371', '450', '20', '3', 517.14');","('371', '450', '20', '3', '517.14'),"
372,218,77,6,452.28,,"INSERT INTO order_details(OrderDetailID, OrderID, ProductID, Quantity, UnitPrice) VALUES ('372', '218', '77', '6', 452.28');","('372', '218', '77', '6', '452.28'),"
373,410,432,5,171.29,,"INSERT INTO order_details(OrderDetailID, OrderID, ProductID, Quantity, UnitPrice) VALUES ('373', '410', '432', '5', 171.29');","('373', '410', '432', '5', '171.29'),"
374,371,101,3,308.87,,"INSERT INTO order_details(OrderDetailID, OrderID, ProductID, Quantity, UnitPrice) VALUES ('374', '371', '101', '3', 308.87');","('374', '371', '101', '3', '308.87'),"
375,46,93,7,899.17,,"INSERT INTO order_details(OrderDetailID, OrderID, ProductID, Quantity, UnitPrice) VALUES ('375', '46', '93', '7', 899.17');","('375', '46', '93', '7', '899.17'),"
376,284,416,10,952.47,,"INSERT INTO order_details(OrderDetailID, OrderID, ProductID, Quantity, UnitPrice) VALUES ('376', '284', '416', '10', 952.47');","('376', '284', '416', '10', '952.47'),"
377,417,89,2,587.87,,"INSERT INTO order_details(OrderDetailID, OrderID, ProductID, Quantity, UnitPrice) VALUES ('377', '417', '89', '2', 587.87');","('377', '417', '89', '2', '587.87'),"
378,244,254,3,297.72,,"INSERT INTO order_details(OrderDetailID, OrderID, ProductID, Quantity, UnitPrice) VALUES ('378', '244', '254', '3', 297.72');","('378', '244', '254', '3', '297.72'),"
379,291,469,4,587.07,,"INSERT INTO order_details(OrderDetailID, OrderID, ProductID, Quantity, UnitPrice) VALUES ('379', '291', '469', '4', 587.07');","('379', '291', '469', '4', '587.07'),"
380,46,383,10,407.9,,"INSERT INTO order_details(OrderDetailID, OrderID, ProductID, Quantity, UnitPrice) VALUES ('380', '46', '383', '10', 407.9');","('380', '46', '383', '10', '407.9'),"
381,310,107,4,49.01,,"INSERT INTO order_details(OrderDetailID, OrderID, ProductID, Quantity, UnitPrice) VALUES ('381', '310', '107', '4', 49.01');","('381', '310', '107', '4', '49.01'),"
382,35,436,4,488.55,,"INSERT INTO order_details(OrderDetailID, OrderID, ProductID, Quantity, UnitPrice) VALUES ('382', '35', '436', '4', 488.55');","('382', '35', '436', '4', '488.55'),"
383,254,93,2,180.66,,"INSERT INTO order_details(OrderDetailID, OrderID, ProductID, Quantity, UnitPrice) VALUES ('383', '254', '93', '2', 180.66');","('383', '254', '93', '2', '180.66'),"
384,54,450,7,258.67,,"INSERT INTO order_details(OrderDetailID, OrderID, ProductID, Quantity, UnitPrice) VALUES ('384', '54', '450', '7', 258.67');","('384', '54', '450', '7', '258.67'),"
385,56,39,4,782.06,,"INSERT INTO order_details(OrderDetailID, OrderID, ProductID, Quantity, UnitPrice) VALUES ('385', '56', '39', '4', 782.06');","('385', '56', '39', '4', '782.06'),"
386,41,321,1,678.81,,"INSERT INTO order_details(OrderDetailID, OrderID, ProductID, Quantity, UnitPrice) VALUES ('386', '41', '321', '1', 678.81');","('386', '41', '321', '1', '678.81'),"
387,380,154,5,582.56,,"INSERT INTO order_details(OrderDetailID, OrderID, ProductID, Quantity, UnitPrice) VALUES ('387', '380', '154', '5', 582.56');","('387', '380', '154', '5', '582.56'),"
388,287,435,5,606.66,,"INSERT INTO order_details(OrderDetailID, OrderID, ProductID, Quantity, UnitPrice) VALUES ('388', '287', '435', '5', 606.66');","('388', '287', '435', '5', '606.66'),"
389,35,395,2,993.88,,"INSERT INTO order_details(OrderDetailID, OrderID, ProductID, Quantity, UnitPrice) VALUES ('389', '35', '395', '2', 993.88');","('389', '35', '395', '2', '993.88'),"
390,421,314,2,650.76,,"INSERT INTO order_details(OrderDetailID, OrderID, ProductID, Quantity, UnitPrice) VALUES ('390', '421', '314', '2', 650.76');","('390', '421', '314', '2', '650.76'),"
391,426,157,7,651.43,,"INSERT INTO order_details(OrderDetailID, OrderID, ProductID, Quantity, UnitPrice) VALUES ('391', '426', '157', '7', 651.43');","('391', '426', '157', '7', '651.43'),"
392,23,425,3,853.96,,"INSERT INTO order_details(OrderDetailID, OrderID, ProductID, Quantity, UnitPrice) VALUES ('392', '23', '425', '3', 853.96');","('392', '23', '425', '3', '853.96'),"
393,49,219,1,265.43,,"INSERT INTO order_details(OrderDetailID, OrderID, ProductID, Quantity, UnitPrice) VALUES ('393', '49', '219', '1', 265.43');","('393', '49', '219', '1', '265.43'),"
394,405,322,4,207.07,,"INSERT INTO order_details(OrderDetailID, OrderID, ProductID, Quantity, UnitPrice) VALUES ('394', '405', '322', '4', 207.07');","('394', '405', '322', '4', '207.07'),"
395,296,57,7,817.78,,"INSERT INTO order_details(OrderDetailID, OrderID, ProductID, Quantity, UnitPrice) VALUES ('395', '296', '57', '7', 817.78');","('395', '296', '57', '7', '817.78'),"
396,188,107,6,894.04,,"INSERT INTO order_details(OrderDetailID, OrderID, ProductID, Quantity, UnitPrice) VALUES ('396', '188', '107', '6', 894.04');","('396', '188', '107', '6', '894.04'),"
397,291,405,2,576.41,,"INSERT INTO order_details(OrderDetailID, OrderID, ProductID, Quantity, UnitPrice) VALUES ('397', '291', '405', '2', 576.41');","('397', '291', '405', '2', '576.41'),"
398,474,448,7,428.23,,"INSERT INTO order_details(OrderDetailID, OrderID, ProductID, Quantity, UnitPrice) VALUES ('398', '474', '448', '7', 428.23');","('398', '474', '448', '7', '428.23'),"
399,289,436,9,549.72,,"INSERT INTO order_details(OrderDetailID, OrderID, ProductID, Quantity, UnitPrice) VALUES ('399', '289', '436', '9', 549.72');","('399', '289', '436', '9', '549.72'),"
400,170,303,1,593.09,,"INSERT INTO order_details(OrderDetailID, OrderID, ProductID, Quantity, UnitPrice) VALUES ('400', '170', '303', '1', 593.09');","('400', '170', '303', '1', '593.09'),"
401,294,78,6,448.67,,"INSERT INTO order_details(OrderDetailID, OrderID, ProductID, Quantity, UnitPrice) VALUES ('401', '294', '78', '6', 448.67');","('401', '294', '78', '6', '448.67'),"
402,454,356,5,790.74,,"INSERT INTO order_details(OrderDetailID, OrderID, ProductID, Quantity, UnitPrice) VALUES ('402', '454', '356', '5', 790.74');","('402', '454', '356', '5', '790.74'),"
403,318,49,7,591.07,,"INSERT INTO order_details(OrderDetailID, OrderID, ProductID, Quantity, UnitPrice) VALUES ('403', '318', '49', '7', 591.07');","('403', '318', '49', '7', '591.07'),"
404,111,294,6,67.09,,"INSERT INTO order_details(OrderDetailID, OrderID, ProductID, Quantity, UnitPrice) VALUES ('404', '111', '294', '6', 67.09');","('404', '111', '294', '6', '67.09'),"
405,144,14,9,613.04,,"INSERT INTO order_details(OrderDetailID, OrderID, ProductID, Quantity, UnitPrice) VALUES ('405', '144', '14', '9', 613.04');","('405', '144', '14', '9', '613.04'),"
406,84,5,6,18.34,,"INSERT INTO order_details(OrderDetailID, OrderID, ProductID, Quantity, UnitPrice) VALUES ('406', '84', '5', '6', 18.34');","('406', '84', '5', '6', '18.34'),"
407,128,321,4,133.87,,"INSERT INTO order_details(OrderDetailID, OrderID, ProductID, Quantity, UnitPrice) VALUES ('407', '128', '321', '4', 133.87');","('407', '128', '321', '4', '133.87'),"
408,427,224,4,80.77,,"INSERT INTO order_details(OrderDetailID, OrderID, ProductID, Quantity, UnitPrice) VALUES ('408', '427', '224', '4', 80.77');","('408', '427', '224', '4', '80.77'),"
409,200,185,5,596.96,,"INSERT INTO order_details(OrderDetailID, OrderID, ProductID, Quantity, UnitPrice) VALUES ('409', '200', '185', '5', 596.96');","('409', '200', '185', '5', '596.96'),"
410,46,216,4,603.12,,"INSERT INTO order_details(OrderDetailID, OrderID, ProductID, Quantity, UnitPrice) VALUES ('410', '46', '216', '4', 603.12');","('410', '46', '216', '4', '603.12'),"
411,468,312,4,41.64,,"INSERT INTO order_details(OrderDetailID, OrderID, ProductID, Quantity, UnitPrice) VALUES ('411', '468', '312', '4', 41.64');","('411', '468', '312', '4', '41.64'),"
412,345,20,9,192.15,,"INSERT INTO order_details(OrderDetailID, OrderID, ProductID, Quantity, UnitPrice) VALUES ('412', '345', '20', '9', 192.15');","('412', '345', '20', '9', '192.15'),"
413,485,164,7,161.52,,"INSERT INTO order_details(OrderDetailID, OrderID, ProductID, Quantity, UnitPrice) VALUES ('413', '485', '164', '7', 161.52');","('413', '485', '164', '7', '161.52'),"
414,479,431,1,894.48,,"INSERT INTO order_details(OrderDetailID, OrderID, ProductID, Quantity, UnitPrice) VALUES ('414', '479', '431', '1', 894.48');","('414', '479', '431', '1', '894.48'),"
415,20,35,1,493.15,,"INSERT INTO order_details(OrderDetailID, OrderID, ProductID, Quantity, UnitPrice) VALUES ('415', '20', '35', '1', 493.15');","('415', '20', '35', '1', '493.15'),"
416,292,289,8,993.61,,"INSERT INTO order_details(OrderDetailID, OrderID, ProductID, Quantity, UnitPrice) VALUES ('416', '292', '289', '8', 993.61');","('416', '292', '289', '8', '993.61'),"
417,334,20,3,743.61,,"INSERT INTO order_details(OrderDetailID, OrderID, ProductID, Quantity, UnitPrice) VALUES ('417', '334', '20', '3', 743.61');","('417', '334', '20', '3', '743.61'),"
418,257,485,1,449.23,,"INSERT INTO order_details(OrderDetailID, OrderID, ProductID, Quantity, UnitPrice) VALUES ('418', '257', '485', '1', 449.23');","('418', '257', '485', '1', '449.23'),"
419,374,280,5,886.47,,"INSERT INTO order_details(OrderDetailID, OrderID, ProductID, Quantity, UnitPrice) VALUES ('419', '374', '280', '5', 886.47');","('419', '374', '280', '5', '886.47'),"
420,467,460,2,918.88,,"INSERT INTO order_details(OrderDetailID, OrderID, ProductID, Quantity, UnitPrice) VALUES ('420', '467', '460', '2', 918.88');","('420', '467', '460', '2', '918.88'),"
421,322,258,7,334.09,,"INSERT INTO order_details(OrderDetailID, OrderID, ProductID, Quantity, UnitPrice) VALUES ('421', '322', '258', '7', 334.09');","('421', '322', '258', '7', '334.09'),"
422,17,103,7,415.73,,"INSERT INTO order_details(OrderDetailID, OrderID, ProductID, Quantity, UnitPrice) VALUES ('422', '17', '103', '7', 415.73');","('422', '17', '103', '7', '415.73'),"
423,129,70,9,661.23,,"INSERT INTO order_details(OrderDetailID, OrderID, ProductID, Quantity, UnitPrice) VALUES ('423', '129', '70', '9', 661.23');","('423', '129', '70', '9', '661.23'),"
424,187,78,10,280.94,,"INSERT INTO order_details(OrderDetailID, OrderID, ProductID, Quantity, UnitPrice) VALUES ('424', '187', '78', '10', 280.94');","('424', '187', '78', '10', '280.94'),"
425,222,121,9,931.94,,"INSERT INTO order_details(OrderDetailID, OrderID, ProductID, Quantity, UnitPrice) VALUES ('425', '222', '121', '9', 931.94');","('425', '222', '121', '9', '931.94'),"
426,23,249,8,605.74,,"INSERT INTO order_details(OrderDetailID, OrderID, ProductID, Quantity, UnitPrice) VALUES ('426', '23', '249', '8', 605.74');","('426', '23', '249', '8', '605.74'),"
427,388,225,4,954.47,,"INSERT INTO order_details(OrderDetailID, OrderID, ProductID, Quantity, UnitPrice) VALUES ('427', '388', '225', '4', 954.47');","('427', '388', '225', '4', '954.47'),"
428,495,452,9,851.31,,"INSERT INTO order_details(OrderDetailID, OrderID, ProductID, Quantity, UnitPrice) VALUES ('428', '495', '452', '9', 851.31');","('428', '495', '452', '9', '851.31'),"
429,134,490,8,176.68,,"INSERT INTO order_details(OrderDetailID, OrderID, ProductID, Quantity, UnitPrice) VALUES ('429', '134', '490', '8', 176.68');","('429', '134', '490', '8', '176.68'),"
430,42,179,8,829.7,,"INSERT INTO order_details(OrderDetailID, OrderID, ProductID, Quantity, UnitPrice) VALUES ('430', '42', '179', '8', 829.7');","('430', '42', '179', '8', '829.7'),"
431,333,100,8,215.32,,"INSERT INTO order_details(OrderDetailID, OrderID, ProductID, Quantity, UnitPrice) VALUES ('431', '333', '100', '8', 215.32');","('431', '333', '100', '8', '215.32'),"
432,334,344,4,131.37,,"INSERT INTO order_details(OrderDetailID, OrderID, ProductID, Quantity, UnitPrice) VALUES ('432', '334', '344', '4', 131.37');","('432', '334', '344', '4', '131.37'),"
433,291,348,8,419.53,,"INSERT INTO order_details(OrderDetailID, OrderID, ProductID, Quantity, UnitPrice) VALUES ('433', '291', '348', '8', 419.53');","('433', '291', '348', '8', '419.53'),"
434,359,477,10,727.54,,"INSERT INTO order_details(OrderDetailID, OrderID, ProductID, Quantity, UnitPrice) VALUES ('434', '359', '477', '10', 727.54');","('434', '359', '477', '10', '727.54'),"
435,253,268,9,840.75,,"INSERT INTO order_details(OrderDetailID, OrderID, ProductID, Quantity, UnitPrice) VALUES ('435', '253', '268', '9', 840.75');","('435', '253', '268', '9', '840.75'),"
436,336,229,4,728.39,,"INSERT INTO order_details(OrderDetailID, OrderID, ProductID, Quantity, UnitPrice) VALUES ('436', '336', '229', '4', 728.39');","('436', '336', '229', '4', '728.39'),"
437,135,63,1,551.35,,"INSERT INTO order_details(OrderDetailID, OrderID, ProductID, Quantity, UnitPrice) VALUES ('437', '135', '63', '1', 551.35');","('437', '135', '63', '1', '551.35'),"
438,184,318,3,546.34,,"INSERT INTO order_details(OrderDetailID, OrderID, ProductID, Quantity, UnitPrice) VALUES ('438', '184', '318', '3', 546.34');","('438', '184', '318', '3', '546.34'),"
439,47,79,4,211.52,,"INSERT INTO order_details(OrderDetailID, OrderID, ProductID, Quantity, UnitPrice) VALUES ('439', '47', '79', '4', 211.52');","('439', '47', '79', '4', '211.52'),"
440,456,407,7,67.67,,"INSERT INTO order_details(OrderDetailID, OrderID, ProductID, Quantity, UnitPrice) VALUES ('440', '456', '407', '7', 67.67');","('440', '456', '407', '7', '67.67'),"
441,302,435,8,49.99,,"INSERT INTO order_details(OrderDetailID, OrderID, ProductID, Quantity, UnitPrice) VALUES ('441', '302', '435', '8', 49.99');","('441', '302', '435', '8', '49.99'),"
442,319,483,5,246.56,,"INSERT INTO order_details(OrderDetailID, OrderID, ProductID, Quantity, UnitPrice) VALUES ('442', '319', '483', '5', 246.56');","('442', '319', '483', '5', '246.56'),"
443,272,422,5,132.27,,"INSERT INTO order_details(OrderDetailID, OrderID, ProductID, Quantity, UnitPrice) VALUES ('443', '272', '422', '5', 132.27');","('443', '272', '422', '5', '132.27'),"
444,197,30,1,869.27,,"INSERT INTO order_details(OrderDetailID, OrderID, ProductID, Quantity, UnitPrice) VALUES ('444', '197', '30', '1', 869.27');","('444', '197', '30', '1', '869.27'),"
445,483,204,9,505.93,,"INSERT INTO order_details(OrderDetailID, OrderID, ProductID, Quantity, UnitPrice) VALUES ('445', '483', '204', '9', 505.93');","('445', '483', '204', '9', '505.93'),"
446,256,212,6,886.85,,"INSERT INTO order_details(OrderDetailID, OrderID, ProductID, Quantity, UnitPrice) VALUES ('446', '256', '212', '6', 886.85');","('446', '256', '212', '6', '886.85'),"
447,438,4,1,447.62,,"INSERT INTO order_details(OrderDetailID, OrderID, ProductID, Quantity, UnitPrice) VALUES ('447', '438', '4', '1', 447.62');","('447', '438', '4', '1', '447.62'),"
448,234,72,7,548.58,,"INSERT INTO order_details(OrderDetailID, OrderID, ProductID, Quantity, UnitPrice) VALUES ('448', '234', '72', '7', 548.58');","('448', '234', '72', '7', '548.58'),"
449,371,114,4,30.32,,"INSERT INTO order_details(OrderDetailID, OrderID, ProductID, Quantity, UnitPrice) VALUES ('449', '371', '114', '4', 30.32');","('449', '371', '114', '4', '30.32'),"
450,197,85,6,984.05,,"INSERT INTO order_details(OrderDetailID, OrderID, ProductID, Quantity, UnitPrice) VALUES ('450', '197', '85', '6', 984.05');","('450', '197', '85', '6', '984.05'),"
451,267,189,10,599.56,,"INSERT INTO order_details(OrderDetailID, OrderID, ProductID, Quantity, UnitPrice) VALUES ('451', '267', '189', '10', 599.56');","('451', '267', '189', '10', '599.56'),"
452,110,291,9,460.74,,"INSERT INTO order_details(OrderDetailID, OrderID, ProductID, Quantity, UnitPrice) VALUES ('452', '110', '291', '9', 460.74');","('452', '110', '291', '9', '460.74'),"
453,227,137,10,537.17,,"INSERT INTO order_details(OrderDetailID, OrderID, ProductID, Quantity, UnitPrice) VALUES ('453', '227', '137', '10', 537.17');","('453', '227', '137', '10', '537.17'),"
454,458,492,4,211.77,,"INSERT INTO order_details(OrderDetailID, OrderID, ProductID, Quantity, UnitPrice) VALUES ('454', '458', '492', '4', 211.77');","('454', '458', '492', '4', '211.77'),"
455,387,159,5,920.25,,"INSERT INTO order_details(OrderDetailID, OrderID, ProductID, Quantity, UnitPrice) VALUES ('455', '387', '159', '5', 920.25');","('455', '387', '159', '5', '920.25'),"
456,34,237,10,444.96,,"INSERT INTO order_details(OrderDetailID, OrderID, ProductID, Quantity, UnitPrice) VALUES ('456', '34', '237', '10', 444.96');","('456', '34', '237', '10', '444.96'),"
457,167,110,4,757.33,,"INSERT INTO order_details(OrderDetailID, OrderID, ProductID, Quantity, UnitPrice) VALUES ('457', '167', '110', '4', 757.33');","('457', '167', '110', '4', '757.33'),"
458,181,127,1,249.93,,"INSERT INTO order_details(OrderDetailID, OrderID, ProductID, Quantity, UnitPrice) VALUES ('458', '181', '127', '1', 249.93');","('458', '181', '127', '1', '249.93'),"
459,337,421,4,223.23,,"INSERT INTO order_details(OrderDetailID, OrderID, ProductID, Quantity, UnitPrice) VALUES ('459', '337', '421', '4', 223.23');","('459', '337', '421', '4', '223.23'),"
460,222,142,2,710.1,,"INSERT INTO order_details(OrderDetailID, OrderID, ProductID, Quantity, UnitPrice) VALUES ('460', '222', '142', '2', 710.1');","('460', '222', '142', '2', '710.1'),"
461,207,73,3,416.2,,"INSERT INTO order_details(OrderDetailID, OrderID, ProductID, Quantity, UnitPrice) VALUES ('461', '207', '73', '3', 416.2');","('461', '207', '73', '3', '416.2'),"
462,122,446,10,185.85,,"INSERT INTO order_details(OrderDetailID, OrderID, ProductID, Quantity, UnitPrice) VALUES ('462', '122', '446', '10', 185.85');","('462', '122', '446', '10', '185.85'),"
463,9,227,2,772.87,,"INSERT INTO order_details(OrderDetailID, OrderID, ProductID, Quantity, UnitPrice) VALUES ('463', '9', '227', '2', 772.87');","('463', '9', '227', '2', '772.87'),"
464,418,202,2,549.95,,"INSERT INTO order_details(OrderDetailID, OrderID, ProductID, Quantity, UnitPrice) VALUES ('464', '418', '202', '2', 549.95');","('464', '418', '202', '2', '549.95'),"
465,60,76,4,894.74,,"INSERT INTO order_details(OrderDetailID, OrderID, ProductID, Quantity, UnitPrice) VALUES ('465', '60', '76', '4', 894.74');","('465', '60', '76', '4', '894.74'),"
466,352,148,3,561.47,,"INSERT INTO order_details(OrderDetailID, OrderID, ProductID, Quantity, UnitPrice) VALUES ('466', '352', '148', '3', 561.47');","('466', '352', '148', '3', '561.47'),"
467,410,337,10,319.11,,"INSERT INTO order_details(OrderDetailID, OrderID, ProductID, Quantity, UnitPrice) VALUES ('467', '410', '337', '10', 319.11');","('467', '410', '337', '10', '319.11'),"
468,248,90,7,253.82,,"INSERT INTO order_details(OrderDetailID, OrderID, ProductID, Quantity, UnitPrice) VALUES ('468', '248', '90', '7', 253.82');","('468', '248', '90', '7', '253.82'),"
469,492,119,6,836.81,,"INSERT INTO order_details(OrderDetailID, OrderID, ProductID, Quantity, UnitPrice) VALUES ('469', '492', '119', '6', 836.81');","('469', '492', '119', '6', '836.81'),"
470,483,89,7,457.34,,"INSERT INTO order_details(OrderDetailID, OrderID, ProductID, Quantity, UnitPrice) VALUES ('470', '483', '89', '7', 457.34');","('470', '483', '89', '7', '457.34'),"
471,287,95,2,927.51,,"INSERT INTO order_details(OrderDetailID, OrderID, ProductID, Quantity, UnitPrice) VALUES ('471', '287', '95', '2', 927.51');","('471', '287', '95', '2', '927.51'),"
472,398,272,3,536.92,,"INSERT INTO order_details(OrderDetailID, OrderID, ProductID, Quantity, UnitPrice) VALUES ('472', '398', '272', '3', 536.92');","('472', '398', '272', '3', '536.92'),"
473,442,468,1,98.86,,"INSERT INTO order_details(OrderDetailID, OrderID, ProductID, Quantity, UnitPrice) VALUES ('473', '442', '468', '1', 98.86');","('473', '442', '468', '1', '98.86'),"
474,148,280,8,648.63,,"INSERT INTO order_details(OrderDetailID, OrderID, ProductID, Quantity, UnitPrice) VALUES ('474', '148', '280', '8', 648.63');","('474', '148', '280', '8', '648.63'),"
475,319,218,5,24.09,,"INSERT INTO order_details(OrderDetailID, OrderID, ProductID, Quantity, UnitPrice) VALUES ('475', '319', '218', '5', 24.09');","('475', '319', '218', '5', '24.09'),"
476,4,458,8,804.45,,"INSERT INTO order_details(OrderDetailID, OrderID, ProductID, Quantity, UnitPrice) VALUES ('476', '4', '458', '8', 804.45');","('476', '4', '458', '8', '804.45'),"
477,110,18,10,862.44,,"INSERT INTO order_details(OrderDetailID, OrderID, ProductID, Quantity, UnitPrice) VALUES ('477', '110', '18', '10', 862.44');","('477', '110', '18', '10', '862.44'),"
478,32,170,3,97.47,,"INSERT INTO order_details(OrderDetailID, OrderID, ProductID, Quantity, UnitPrice) VALUES ('478', '32', '170', '3', 97.47');","('478', '32', '170', '3', '97.47'),"
479,456,365,8,375.52,,"INSERT INTO order_details(OrderDetailID, OrderID, ProductID, Quantity, UnitPrice) VALUES ('479', '456', '365', '8', 375.52');","('479', '456', '365', '8', '375.52'),"
480,413,202,6,377.88,,"INSERT INTO order_details(OrderDetailID, OrderID, ProductID, Quantity, UnitPrice) VALUES ('480', '413', '202', '6', 377.88');","('480', '413', '202', '6', '377.88'),"
481,349,451,3,340.66,,"INSERT INTO order_details(OrderDetailID, OrderID, ProductID, Quantity, UnitPrice) VALUES ('481', '349', '451', '3', 340.66');","('481', '349', '451', '3', '340.66'),"
482,41,296,2,90.5,,"INSERT INTO order_details(OrderDetailID, OrderID, ProductID, Quantity, UnitPrice) VALUES ('482', '41', '296', '2', 90.5');","('482', '41', '296', '2', '90.5'),"
483,204,298,7,814.4,,"INSERT INTO order_details(OrderDetailID, OrderID, ProductID, Quantity, UnitPrice) VALUES ('483', '204', '298', '7', 814.4');","('483', '204', '298', '7', '814.4'),"
484,172,469,10,31.01,,"INSERT INTO order_details(OrderDetailID, OrderID, ProductID, Quantity, UnitPrice) VALUES ('484', '172', '469', '10', 31.01');","('484', '172', '469', '10', '31.01'),"
485,425,46,7,601.58,,"INSERT INTO order_details(OrderDetailID, OrderID, ProductID, Quantity, UnitPrice) VALUES ('485', '425', '46', '7', 601.58');","('485', '425', '46', '7', '601.58'),"
486,426,131,3,426.34,,"INSERT INTO order_details(OrderDetailID, OrderID, ProductID, Quantity, UnitPrice) VALUES ('486', '426', '131', '3', 426.34');","('486', '426', '131', '3', '426.34'),"
487,411,452,9,312.36,,"INSERT INTO order_details(OrderDetailID, OrderID, ProductID, Quantity, UnitPrice) VALUES ('487', '411', '452', '9', 312.36');","('487', '411', '452', '9', '312.36'),"
488,459,126,6,231.89,,"INSERT INTO order_details(OrderDetailID, OrderID, ProductID, Quantity, UnitPrice) VALUES ('488', '459', '126', '6', 231.89');","('488', '459', '126', '6', '231.89'),"
489,161,27,10,955.06,,"INSERT INTO order_details(OrderDetailID, OrderID, ProductID, Quantity, UnitPrice) VALUES ('489', '161', '27', '10', 955.06');","('489', '161', '27', '10', '955.06'),"
490,277,114,4,841.76,,"INSERT INTO order_details(OrderDetailID, OrderID, ProductID, Quantity, UnitPrice) VALUES ('490', '277', '114', '4', 841.76');","('490', '277', '114', '4', '841.76'),"
491,195,434,4,812.01,,"INSERT INTO order_details(OrderDetailID, OrderID, ProductID, Quantity, UnitPrice) VALUES ('491', '195', '434', '4', 812.01');","('491', '195', '434', '4', '812.01'),"
492,337,34,7,770,,"INSERT INTO order_details(OrderDetailID, OrderID, ProductID, Quantity, UnitPrice) VALUES ('492', '337', '34', '7', 770');","('492', '337', '34', '7', '770'),"
493,397,123,1,593.17,,"INSERT INTO order_details(OrderDetailID, OrderID, ProductID, Quantity, UnitPrice) VALUES ('493', '397', '123', '1', 593.17');","('493', '397', '123', '1', '593.17'),"
494,10,288,1,616.8,,"INSERT INTO order_details(OrderDetailID, OrderID, ProductID, Quantity, UnitPrice) VALUES ('494', '10', '288', '1', 616.8');","('494', '10', '288', '1', '616.8'),"
495,62,297,1,39.33,,"INSERT INTO order_details(OrderDetailID, OrderID, ProductID, Quantity, UnitPrice) VALUES ('495', '62', '297', '1', 39.33');","('495', '62', '297', '1', '39.33'),"
496,192,236,5,948.12,,"INSERT INTO order_details(OrderDetailID, OrderID, ProductID, Quantity, UnitPrice) VALUES ('496', '192', '236', '5', 948.12');","('496', '192', '236', '5', '948.12'),"
497,215,178,4,37.5,,"INSERT INTO order_details(OrderDetailID, OrderID, ProductID, Quantity, UnitPrice) VALUES ('497', '215', '178', '4', 37.5');","('497', '215', '178', '4', '37.5'),"
498,197,442,9,625.65,,"INSERT INTO order_details(OrderDetailID, OrderID, ProductID, Quantity, UnitPrice) VALUES ('498', '197', '442', '9', 625.65');","('498', '197', '442', '9', '625.65'),"
499,309,173,3,951.49,,"INSERT INTO order_details(OrderDetailID, OrderID, ProductID, Quantity, UnitPrice) VALUES ('499', '309', '173', '3', 951.49');","('499', '309', '173', '3', '951.49'),"
500,178,261,8,123.91,,"INSERT INTO order_details(OrderDetailID, OrderID, ProductID, Quantity, UnitPrice) VALUES ('500', '178', '261', '8', 123.91');","('500', '178', '261', '8', '123.91'),"
